paper_id,title,year,doi,authors,venue,source,methodology,study_design,dataset_or_sample,key_finding,paper_limitation,direct_quote,future_work_or_gap,evidence_sections_used,extraction_notes
10_1016_j_media_2020_101694,Convolutional neural networks for classification of Alzheimer's disease: Overview and reproducible evaluation,2020,10.1016/j.media.2020.101694,Junhao Wen; Elina Thibeau–Sutre; Mauricio Diaz-Melo; Jorge Samper‐Gonzàlez; Alexandre Routier; Simona Bottani; Didier Dormont; Stanley Durrleman; Ninon Burgos; Olivier Colliot,Medical Image Analysis,collected:openalex,systematic_literature_review; convolutional_neural_network,validation_study,ADNI; AIBL,The classification performance of various CNN approaches is difficult to compare due to methodological inconsistencies and data leakage in some studies.,Classification performance is difficult to compare across studies due to variations in participant selection and validation procedures.,"[{""quote"": ""Moreover, these studies are hardly reproducible because their frameworks are not publicly accessible and because implementation details are lacking."", ""section"": ""abstract"", ""reason"": ""This summarizes the key issue of reproducibility highlighted in the study.""}]",Further research is needed to establish standardized frameworks for reproducibility in CNN studies on AD.,abstract,
10_3389_fpubh_2022_853294,Early-Stage Alzheimer's Disease Prediction Using Machine Learning Models,2022,10.3389/fpubh.2022.853294,C. Kavitha; Vinodhini Mani; S. Srividhya; Osamah Ibrahim Khalaf; Carlos Andrés Tavera Romero,Frontiers in Public Health,collected:openalex,machine_learning; feature_selection,model_development_study,Open Access Series of Imaging Studies (OASIS) dataset,The classification scheme achieved a validation average accuracy of 83% on the test data for predicting Alzheimer's disease.,unclear,"[{""quote"": ""A treatment given at an early stage of AD is more effective, and it causes fewer minor damage than a treatment done at a later stage."", ""section"": ""abstract"", ""reason"": ""This quote emphasizes the importance of early detection in Alzheimer’s treatment.""}]",unclear,abstract; results,
10_1016_j_artmed_2022_102332,Deep learning for Alzheimer's disease diagnosis: A survey,2022,10.1016/j.artmed.2022.102332,M. Khojaste-Sarakhsi; Seyedhamidreza Shahabi Haghighi; S.M.T. Fatemi Ghomi; Elena Marchiori,Artificial Intelligence in Medicine,collected:openalex,deep_learning,validation_study,unclear,unclear,unclear,[],unclear,,
10_1016_j_neuroimage_2020_117203,Predicting Alzheimer's disease progression using deep recurrent neural networks,2020,10.1016/j.neuroimage.2020.117203,Minh Nguyen; Tong He; Lijun An; Daniel C. Alexander; Jiashi Feng; B.T. Thomas Yeo,NeuroImage,collected:openalex,minimal_recurrent_neural_network; imputation_strategies,longitudinal_study,"The Alzheimer's Disease Prediction Of Longitudinal Evolution (TADPOLE) challenge, longitudinal data from 1677 participants in the Alzheimer's Disease","The minimalRNN model accurately predicts Alzheimer's disease progression, handling missing data effectively and outperformed baseline algorithms.",The model's effectiveness in predicting clinical outcomes with only cross-sectional data needs further exploration; potential bias from participant selection is not discussed.,[],unclear,abstract; methodology,
10_1016_j_irbm_2020_06_006,Deep Convolution Neural Network Based System for Early Diagnosis of Alzheimer's Disease,2020,10.1016/j.irbm.2020.06.006,Rekh Ram Janghel; Yogesh Kumar Rathore,IRBM,collected:openalex,deep_convolution_neural_network,model_development_study,unclear,unclear,unclear,[],unclear,,
10_3389_fpubh_2022_834032,Evaluation of Neuro Images for the Diagnosis of Alzheimer's Disease Using Deep Learning Neural Network,2022,10.3389/fpubh.2022.834032,A. Ahila; M. Poongodi; Mounir Hamdi; Sami Bourouis; Rastislav Kulhánek; Faizaan Mohmed,Frontiers in Public Health,collected:openalex,deep_learning; convolutional_neural_network,cohort_study,"18FDG-PET images from ADNI, comprising 635 normal controls and 220 Alzheimer's disease patients.","The proposed CAD system yields an accuracy of 96%, sensitivity of 96%, and specificity of 94% for distinguishing Alzheimer's disease.",The study may not generalize to other neuroimaging modalities beyond PET.,"[{""quote"": ""The proposed approach is evaluated using the 18FDG-PET images of 855 patients."", ""section"": ""abstract"", ""reason"": ""This quote provides a clear summary of the dataset used in the study, which supports the validity of the findings.""}]","Future work could explore the application of the CAD system to other imaging modalities and larger, more diverse datasets.",abstract; results; discussion,
10_1002_alz_13390,Artificial intelligence for biomarker discovery in Alzheimer's disease and dementia,2023,10.1002/alz.13390,Laura Winchester; Eric L. Harshfield; Shi Liu; AmanPreet Badhwar; Ahmad Al Khleifat; Natasha Clarke; Amir Dehsarvi; Imre Lengyel; Ilianna Lourida; Christopher R. Madan; Sarah J. Marzi; Petroula Proitsi; Anto P. Rajkumar; Timothy Rittman; Edina Silajdžić; Stefano Tamburin; Janice M. Ranson; David J. Llewellyn,Alzheimer s & Dementia,collected:openalex,artificial_intelligence; machine_learning,observational_study,large multimodal cohorts,Artificial intelligence and machine learning approaches may accelerate dementia biomarker discovery.,Remaining challenges include a lack of diversity in the data sets available and the complexity of investigating interactions.,[],Overcoming the challenges of data set suitability and improving AI approaches is crucial for future research.,abstract,
10_1109_access_2021_3090474,DEMNET: A Deep Learning Model for Early Diagnosis of Alzheimer Diseases and Dementia From MR Images,2021,10.1109/access.2021.3090474,Suriya Murugan; Chandran Venkatesan; M. G. Sumithra; Xiao‐Zhi Gao; B. Elakkiya; M. Akila; S. Manoharan,IEEE Access,collected:openalex,deep_learning; convolutional_neural_network,model_development_study,MRI image dataset from Kaggle; Alzheimer's Disease Neuroimaging Initiative (ADNI) dataset,The DEMNET model achieves an accuracy of 95.23% and AUC of 97% for early diagnosis of Alzheimer's disease from MR images.,The study is constrained by a major class imbalance issue in the Kaggle dataset.,[],unclear,abstract; introduction,
10_1016_j_cmpb_2021_106032,Alzheimer's disease detection using depthwise separable convolutional neural networks,2021,10.1016/j.cmpb.2021.106032,Junxiu Liu; Mingxing Li; Yuling Luo; Su Yang; Wei Li; Yifei Bi,Computer Methods and Programs in Biomedicine,collected:openalex,depthwise_separable_convolutional_neural_networks,unclear,unclear,unclear,unclear,[],unclear,title,
10_1016_s2589_7500(22)00169_8,"A deep learning model for detection of Alzheimer's disease based on retinal photographs: a retrospective, multicentre case-control study",2022,10.1016/s2589-7500(22)00169-8,Carol Y. Cheung; An Ran Ran; Shujun Wang; Victor T.T. Chan; Kaiser Sham; Saima Hilal; Narayanaswamy Venketasubramanian; Ching‐Yu Cheng; Charumathi Sabanayagam; Yih Chung Tham; Leopold Schmetterer; Gareth J. McKay; Michael Williams; Adrian Wong; Lisa Au; Zhihui Lu; Jason C. Yam; Clement C. Tham; John J. Chen; Oana Dumitrașcu; Pheng‐Ann Heng; Timothy Kwok; Vincent Mok; Dan Miléa; Christopher Chen; Tien Yin Wong,The Lancet Digital Health,collected:openalex,deep_learning; unsupervised_domain_adaptation,case_control_study,retinal photographs from 648 patients with Alzheimer's disease and 3240 individuals without the disease across 11 clinical studies,The deep learning model achieved 83.6% accuracy and demonstrated potential for screening Alzheimer's disease in community settings.,"The model requires further validation with larger, more diverse populations to ensure generalizability.","[{""quote"": ""A retinal photograph-based deep learning algorithm can detect Alzheimer's disease with good accuracy, showing its potential for screening Alzheimer's disease in a community setting."", ""section"": ""abstract"", ""reason"": ""This quote encapsulates the main finding and significance of the study.""}]",Future research should explore the integration of additional biomarkers to enhance detection accuracy.,abstract; results,
10_1016_j_jbi_2020_103411,Deep ensemble learning for Alzheimer's disease classification,2020,10.1016/j.jbi.2020.103411,Ning An; Huitong Ding; Jiaoyun Yang; Rhoda Au; Ting Fang Alvin Ang,Journal of Biomedical Informatics,collected:openalex,deep_ensemble_learning; classification,model_development_study,unclear,unclear,unclear,[],unclear,title,
10_1093_jamia_ocac168,Multimodal Attention-based Deep Learning for Alzheimer's Disease Diagnosis,2022,10.1093/jamia/ocac168,Michal Golovanevsky; Carsten Eickhoff; Ritambhara Singh,arXiv (Cornell University),collected:openalex,deep_learning; cross_modal_attention,model_development_study,"ADNI dataset including imaging, genetic, and clinical data from patients.","The proposed MADDi framework achieved 96.88% accuracy in classifying Alzheimer's Disease, mild cognitive impairment, and controls.","The study emphasizes that without access to structured clinical information, multimodal mixtures suffer performance losses.","[{""quote"": ""Our experiments underlined the importance of structured clinical data to help machine learning models contextualize and interpret the remaining modalities."", ""section"": ""abstract"", ""reason"": ""This quote highlights the critical role of clinical data in the framework's performance.""}]",Further investigation is needed into enhancing the integration of diverse modalities to improve classification accuracy.,abstract,
10_1016_j_mri_2021_02_001,A 3D densely connected convolution neural network with connection-wise attention mechanism for Alzheimer's disease classification,2021,10.1016/j.mri.2021.02.001,Jie Zhang; Bowen Zheng; Ang Gao; Xin Feng; Dong Liang; Xiaojing Long,Magnetic Resonance Imaging,collected:openalex,deep_learning; convolutional_neural_network,model_development_study,baseline MRI of 968 subjects from ADNI database,The proposed method achieved 97.35% accuracy for distinguishing AD patients from healthy control.,unclear,"[{""quote"": ""Deep learning techniques provide a powerful tool to explore minute but intricate characteristics in MR images which may facilitate early diagnosis and prediction of AD."", ""section"": ""Abstract"", ""reason"": ""This quote succinctly highlights the potential of the proposed techniques for improving diagnosis and prediction.""}]",unclear,abstract,
10_1016_j_neurobiolaging_2021_04_024,A machine learning approach to screen for preclinical Alzheimer's disease,2021,10.1016/j.neurobiolaging.2021.04.024,Sinead Gaubert; Marion Houot; Federico Raimondo; Manon Ansart; Marie‐Constance Corsi; Lionel Naccache; Jacobo Sitt; Marie‐Odile Habert; Bruno Dubois; Fabrizio De Vico Fallani; Stanley Durrleman; Stéphane Epelbaum,Neurobiology of Aging,collected:openalex,machine_learning,observational_study,unclear,unclear,unclear,[],unclear,title,
10_3390_brainsci10020084,A Deep Siamese Convolution Neural Network for Multi-Class Classification of Alzheimer Disease,2020,10.3390/brainsci10020084,Atif Mehmood; Muazzam Maqsood; Muzaffar Bashir; Yang Shuyuan,Brain Sciences,collected:openalex,deep_learning; convolutional_neural_network,model_development_study,publicly available dataset open access series of imaging studies (OASIS),The proposed SCNN model achieved a test accuracy of 99.05% for classifying dementia stages.,Problems of over-fitting due to a smaller number of image samples available in datasets.,[],unclear,abstract,
10_1016_j_compbiomed_2021_105032,Deep learning based pipelines for Alzheimer's disease diagnosis: A comparative study and a novel deep-ensemble method,2021,10.1016/j.compbiomed.2021.105032,Andrea Loddo; Sara Buttau; Cecilia Di Ruberto,Computers in Biology and Medicine,collected:openalex,deep_learning; deep_ensemble,model_development_study,unclear,unclear,unclear,[],unclear,title,
10_1016_j_ejrad_2023_110934,Artificial intelligence-based diagnosis of Alzheimer's disease with brain MRI images,2023,10.1016/j.ejrad.2023.110934,Zhaomin Yao; Hongyu Wang; W. C. Yan; Z Q Wang; Wenwen Zhang; Zhiguo Wang; Guoxu Zhang,European Journal of Radiology,collected:openalex,artificial_intelligence,unclear,unclear,unclear,unclear,[],unclear,,
10_1016_j_neucom_2020_01_053,Detecting Alzheimer's disease Based on 4D fMRI: An exploration under deep learning framework,2020,10.1016/j.neucom.2020.01.053,Wei Li; Xuefeng Lin; Xi Chen,Neurocomputing,collected:openalex,deep_learning; 4d_fmri,model_development_study,unclear,unclear,unclear,[],unclear,title,
10_1016_j_nicl_2021_102712,Cross-cohort generalizability of deep and conventional machine learning for MRI-based diagnosis and prediction of Alzheimer's disease,2021,10.1016/j.nicl.2021.102712,for the Alzheimer's Disease Neuroimaging Initiative,EUR Research Repository (Erasmus University Rotterdam),collected:openalex,support_vector_machine; convolutional_neural_network,cohort_study,Alzheimer's Disease Neuroimaging Initiative (ADNI); Health-RI Parelsnoer Neurodegenerative Diseases Biobank.,The study validates the generalizability of MRI-based machine learning classification to external datasets for predicting conversion to Alzheimer's disease.,External validation performance showed slight decreases compared to the internal dataset; classification is better with modulated GM maps than minimally processed images.,"[{""quote"": ""This work validates the generalizability of MRI-based classification of Alzheimer's disease (AD) patients and controls (CN) to an external data set."", ""section"": ""abstract"", ""reason"": ""Highlights the main validation claim of the study.""}]",Further exploration is needed on enhancing model performance in diverse populations.,methodology; study_design; dataset_or_sample; key_finding; paper_limitation; direct_quote; future_work_or_gap,
10_1002_alz_12032,Predicting sporadic Alzheimer's disease progression via inherited Alzheimer's disease‐informed machine‐learning,2020,10.1002/alz.12032,Nicolai Franzmeier; Nikolaos Koutsouleris; Tammie L.S. Benzinger; Alison Goate; Celeste M. Karch; Anne M. Fagan; Eric McDade; Marco Duering; Martin Dichgans; Johannes Levin; Brian A. Gordon; Yen Ying Lim; Colin L. Masters; Martin N. Rossor; Nick C. Fox; Antoinette O’Connor; Jasmeer P. Chhatwal; Stephen Salloway; Adrian Danek; Jason Hassenstab; Peter R. Schofield; John C. Morris; Randall J. Bateman; the Alzheimer's disease neuroimaging initiative (ADNI); the Dominantly Inherited Alzheimer Network (DIAN); Michael Ewers,Alzheimer s & Dementia,collected:openalex,support_vector_regression,model_development_study,"AD biomarkers from cerebrospinal fluid, structural MRI, amyloid-PET, and fluorodeoxyglucose PET",The model predicted cognitive decline in sporadic prodromal AD and reduced sample size needed for clinical trials.,The prediction models were developed in a specific cohort which may limit generalizability.,[],Further research is needed to validate the model across diverse populations.,abstract; methods; results; discussion,
10_1016_j_compbiomed_2021_105056,A deep learning framework with an embedded-based feature selection approach for the early detection of the Alzheimer's disease,2021,10.1016/j.compbiomed.2021.105056,Nivedhitha Mahendran; P. M. Durai Raj Vincent,Computers in Biology and Medicine,collected:openalex,deep_learning,unclear,unclear,unclear,unclear,[],unclear,title,
10_1016_j_sbi_2024_102776,Artificial intelligence for drug discovery and development in Alzheimer's disease,2024,10.1016/j.sbi.2024.102776,Yunguang Qiu; Feixiong Cheng,Current Opinion in Structural Biology,collected:openalex,,mixed_methods_study,"multi-omics data including genomics, epigenomics, transcriptomics, proteomics, and metabolomics","AI-guided drug discovery methodologies aid the development of therapeutics for Alzheimer's disease, particularly through drug repurposing strategies.",unclear,[],unclear,abstract,
10_1016_j_matpr_2021_03_061,Alzheimer's disease prediction using machine learning techniques and principal component analysis (PCA),2021,10.1016/j.matpr.2021.03.061,M. Sudharsan; G. Thailambal,Materials Today Proceedings,collected:openalex,machine_learning; principal_component_analysis,observational_study,unclear,unclear,unclear,[],unclear,title,
10_1111_nan_12759,Deep learning‐based model for diagnosing Alzheimer's disease and tauopathies,2021,10.1111/nan.12759,Shunsuke Koga; Akihiro Ikeda; Dennis W. Dickson,Neuropathology and Applied Neurobiology,collected:openalex,deep_learning; random_forest_classifiers,validation_study,"2522 digital slide images of CP13-immunostained slides of the motor cortex from 120 cases (32 AD, 36 PSP,","The random forest classifier achieved an average test score of 0.97, with over 95% diagnostic accuracy for Alzheimer's disease.",unclear,[],unclear,abstract; methods; results,
10_1016_j_bspc_2021_103293,"Machine learning techniques for diagnosis of alzheimer disease, mild cognitive disorder, and other types of dementia",2021,10.1016/j.bspc.2021.103293,Golrokh Mirzaei; Hojjat Adeli,Biomedical Signal Processing and Control,collected:openalex,machine_learning,validation_study,unclear,unclear,unclear,[],unclear,,
10_1007_s44174_023_00078_9,A Novel Approach Utilizing Machine Learning for the Early Diagnosis of Alzheimer's Disease,2023,10.1007/s44174-023-00078-9,Khandaker Mohammad Mohi Uddin; Mir Jafikul Alam; Jannat-E-Anawar; Md. Ashraf Uddin; Sunil Aryal,Biomedical Materials & Devices,collected:openalex,machine_learning; ensemble_learning,model_development_study,unclear,unclear,unclear,[],unclear,,
10_1016_j_arr_2024_102497,"AI-driven innovations in Alzheimer's disease: Integrating early diagnosis, personalized treatment, and prognostic modelling",2024,10.1016/j.arr.2024.102497,Mayur B. Kale; Nitu L. Wankhede; Rupali S. Pawar; Suhas Ballal; Rohit Kumawat; Manish Goswami; Mohammad Khalid; Brijesh G. Taksande; Aman B. Upaganlawar; Milind Umekar; Spandana Rajendra Kopalli; Sushruta Koppula,Ageing Research Reviews,collected:openalex,ai_driven_innovations; prognostic_modelling,unclear,unclear,unclear,unclear,[],unclear,,
10_1016_j_compbiomed_2021_104678,Multi-model and multi-slice ensemble learning architecture based on 2D convolutional neural networks for Alzheimer's disease diagnosis,2021,10.1016/j.compbiomed.2021.104678,Wenjie Kang; Lan Lin; Baiwen Zhang; Xiaoqi Shen; Shuicai Wu,Computers in Biology and Medicine,collected:openalex,ensemble_learning; convolutional_neural_network,model_development_study,unclear,unclear,unclear,[],unclear,title,
10_3389_fpubh_2022_772592,A Transfer Learning Method for Detecting Alzheimer's Disease Based on Speech and Natural Language Processing,2022,10.3389/fpubh.2022.772592,Ning Liu; Kexue Luo; Zhenming Yuan; Yan Chen,Frontiers in Public Health,collected:openalex,transfer_learning; natural_language_processing,mixed_methods_study,spontaneous speech datasets including 78 healthy controls and 78 patients with AD,"The proposed model achieved an accuracy of 0.88, indicating strong potential for early diagnosis of Alzheimer's disease.","The study is limited by the small dataset size, which may affect model generalizability.","[{""quote"": ""The accuracy of the proposed model is 0.88, which is almost equivalent to the champion score in the challenge"", ""section"": ""abstract"", ""reason"": ""This quote highlights the effectiveness of the model developed in the study.""}]",Future work should address the need for larger datasets to improve model accuracy and generalizability.,abstract; title,
10_1109_jbhi_2021_3053568,Auto-Metric Graph Neural Network Based on a Meta-Learning Strategy for the Diagnosis of Alzheimer's Disease,2021,10.1109/jbhi.2021.3053568,Xiaofan Song; Mingyi Mao; Xiaohua Qian,IEEE Journal of Biomedical and Health Informatics,collected:openalex,graph_neural_network; meta_learning,validation_study,TADPOLE dataset,The proposed auto-metric GNN model shows excellent diagnostic performance with accuracies of 94.44% for early AD diagnosis and 87.50% for MCI conversion prediction.,The model performance relies heavily on the training dataset's quality and structure.,[],unclear,,
10_1016_j_compbiomed_2023_107328,Multi-modal graph neural network for early diagnosis of Alzheimer's disease from sMRI and PET scans,2023,10.1016/j.compbiomed.2023.107328,Yanteng Zhang; Xiaohai He; Yi Hao Chan; Qizhi Teng; Jagath C. Rajapakse,Computers in Biology and Medicine,collected:openalex,multi_modal_graph_neural_network,model_development_study,unclear,unclear,unclear,[],unclear,,
10_1109_icaccs48705_2020_9074248,Alzheimer Disease Prediction using Machine Learning Algorithms,2020,10.1109/icaccs48705.2020.9074248,J. Neelaveni; M.S. Geetha Devasana,,collected:openalex,machine_learning,model_development_study,"psychological parameters like age, number of visit, MMSE and education",The paper predicts Alzheimer's disease using machine learning algorithms based on psychological parameters.,unclear,[],unclear,abstract,
10_1109_tfuzz_2024_3409412,Fuzzy Deep Learning for the Diagnosis of Alzheimer's Disease: Approaches and Challenges,2024,10.1109/tfuzz.2024.3409412,M. Tanveer; M. Sajid; Mushir Akhtar; A. Quadir; Tripti Goel; Aroof Aimen; Sushmita Mitra; Y-D Zhang; Chin‐Teng Lin; Javier Del Ser,IEEE Transactions on Fuzzy Systems,collected:openalex,fuzzy_deep_learning; neuroimaging_analysis,validation_study,genomics; proteomics,"Fuzzy deep learning effectively manages imprecise data, improving the interpretability and accuracy of Alzheimer's disease diagnosis.",Conventional deep learning models struggle with uncertainties due to unclear annotations and limitations in equipment resolution.,"[{""quote"": ""the integration of fuzzy logic into DL, forming fuzzy deep learning (FDL), effectively manages imprecise data"", ""section"": ""abstract"", ""reason"": ""Highlights the key advancement introduced by the paper.""}]",Exploring the fusion of multimodal data with fuzzy logic for improved Alzheimer diagnosis.,abstract,
10_1109_icscds53736_2022_9760858,Alzheimer's Disease Analysis using Explainable Artificial Intelligence (XAI),2022,10.1109/icscds53736.2022.9760858,K. Muthamil Sudar; P. Nagaraj; S Nithisaa; R. Aishwarya; M. Aakash; S. Ishwarya Lakshmi,2022 International Conference on Sustainable Computing and Data Communication Systems (ICSCDS),collected:openalex,layer_wise_relevance_propagation; cnn,experimental_study,image data from Alzheimer patients,The study successfully identifies stages of Alzheimer's disease using Explainable AI techniques.,Limited sample size and potential bias in data collection.,"[{""quote"": ""it is important for one to identify it in its early stage and cure it."", ""section"": ""abstract"", ""reason"": ""This quote emphasizes the significance of early detection in Alzheimer's treatment.""}]",Further research is needed to explore additional AI methods for improved accuracy in Alzheimer's classification.,abstract,
10_5582_irdr_2023_01091,Artificial intelligence technology in Alzheimer's disease research,2023,10.5582/irdr.2023.01091,Wenli Zhang; Yifan Li; Wentao Ren; Bo Liu,Intractable & Rare Diseases Research,collected:openalex,artificial_intelligence; deep_learning,unclear,unclear,This review aims to explore the differences between conventional methods and AI techniques in Alzheimer's disease research.,unclear,[],unclear,abstract,
10_1016_j_patcog_2020_107247,Deep and joint learning of longitudinal data for Alzheimer's disease prediction,2020,10.1016/j.patcog.2020.107247,Baiying Lei; Mengya Yang; Peng Yang; Feng Zhou; Hou Wen; Wen‐Bin Zou; Xia Li; Tianfu Wang; Xiaohua Xiao; Shuqiang Wang,Pattern Recognition,collected:openalex,deep_learning,longitudinal_study,unclear,unclear,unclear,[],unclear,,
10_1016_j_compbiomed_2022_106240,Multi-label classification of Alzheimer's disease stages from resting-state fMRI-based correlation connectivity data and deep learning,2022,10.1016/j.compbiomed.2022.106240,Abdulaziz Alorf; Muhammad Usman Ghani Khan,Computers in Biology and Medicine,collected:openalex,deep_learning; multi_label_classification,model_development_study,resting_state_fmri data,The proposed model achieved average accuracies of 77.13% and 84.03% for multi-label classification of Alzheimer's disease stages.,The application of computer-aided diagnosis for the numerous advancing phases of Alzheimer's disease remains understudied.,"[{""quote"": ""The application of computer-aided diagnosis for the numerous advancing phases of Alzheimer's disease, on the other hand, remains understudied."", ""section"": ""abstract"", ""reason"": ""Highlights a gap in research addressed by the paper.""}]",Further investigation into computer-aided diagnosis for various stages of Alzheimer's disease is needed.,abstract; title,
10_1016_j_measurement_2020_108838,A deep convolutional neural network based computer aided diagnosis system for the prediction of Alzheimer's disease in MRI images,2020,10.1016/j.measurement.2020.108838,V. Sathiyamoorthi; A. K. Ilavarasi; K. Murugeswari; Syed Thouheed Ahmed; B. Aruna Devi; Murali Kalipindi,Measurement,collected:openalex,deep_convolutional_neural_network; computer_aided_diagnosis,model_development_study,unclear,unclear,unclear,[],unclear,,
10_3389_fpubh_2020_584387,Alzheimer's Disease Classification With a Cascade Neural Network,2020,10.3389/fpubh.2020.584387,Zeng You; Runhao Zeng; Xiaoyong Lan; Huixia Ren; Zhiyang You; Xue Shi; Shipeng Zhao; Yi Guo; Xin Jiang; Xiping Hu,Frontiers in Public Health,collected:openalex,cascade_neural_network; attention_based_spatial_temporal_graph,model_development_study,"gait and EEG data from 35 cognitively healthy controls, 35 MCI, and 17 AD patients","The proposed method significantly outperformed other AD diagnosis methods with an accuracy of 91.07% in three-way classification of HC, MCI, and AD.","Existing methods using gait data often fail to detect the differences between MCI and AD, and EEG data collection is time-consuming.","[{""quote"": ""...this task remains tremendously challenging due to the limited data and the difficulties in detecting mild cognitive impairment (MCI)."", ""section"": ""abstract"", ""reason"": ""This illustrates the primary challenge addressed by the paper.""}, {""quote"": ""Experimental results show that our method significantly outperforms other AD diagnosis methods (91.07 vs. 68.18%) in the three-way AD classification task (HC, MCI, and AD)."", ""section"": ""abstract"", ""reason"": ""This highlights the key finding regarding the performance of the proposed method.""}]",More research is needed to enhance the accuracy of classifications between MCI and AD using limitations in current data collection methods.,abstract; study_design,
10_1016_j_patcog_2022_109031,Transformed domain convolutional neural network for Alzheimer's disease diagnosis using structural MRI,2022,10.1016/j.patcog.2022.109031,S. Qasim Abbas; Lianhua Chi; Yi‐Ping Phoebe Chen,Pattern Recognition,collected:openalex,convolutional_neural_network,model_development_study,unclear,unclear,unclear,[],unclear,title,
10_1007_978_981_15_5546_6_50,Deep Learning-Based Alzheimer Disease Detection,2020,10.1007/978-981-15-5546-6_50,Swathi S. Kundaram; Ketki C. Pathak,Lecture notes in electrical engineering,collected:openalex,deep_learning; convolutional_neural_network,model_development_study,unclear,unclear,unclear,[],unclear,title,
10_1042_etls20210249,"Applied machine learning in Alzheimer's disease research: omics, imaging, and clinical data",2021,10.1042/etls20210249,Ziyi Li; Xiaoqian Jiang; Yizhuo Wang; Yejin Kim,Emerging Topics in Life Sciences,collected:openalex,machine_learning; data_integration,mixed_methods_study,"multimodal data from genetics, proteomics, transcriptomics, and imaging.",Machine learning methods have potential for improving management of Alzheimer's disease through data integration and new biomarker discovery.,Challenges in integrating data from various modalities.,"[{""quote"": ""Machine learning (ML) methods offer novel techniques to address high dimensional data, integrate data from different sources, model the etiological and clinical heterogeneity, and discover new biomarkers."", ""section"": ""abstract"", ""reason"": ""This quote succinctly captures the core contribution of the paper regarding the application of machine learning.""}]",Potential directions for future research include further integration of diverse data types in Alzheimer's research.,abstract; title,
10_1016_j_cmpb_2020_105765,Influence of medical domain knowledge on deep learning for Alzheimer's disease prediction,2020,10.1016/j.cmpb.2020.105765,Branimir Ljubic; Shoumik Roychoudhury; Xi Hang Cao; Martin Pavlovski; Stefan Obradovic; R. Radhakrishnan Nair; Lucas M. Glass; Zoran Obradović,Computer Methods and Programs in Biomedicine,collected:openalex,deep_learning,unclear,unclear,unclear,unclear,[],unclear,title; abstract; introduction; methods; methodology; materials_and_methods; study_design; procedure; approach,
10_1109_jerm_2021_3096172,Classification of Alzheimer's Disease Using RF Signals and Machine Learning,2021,10.1109/jerm.2021.3096172,Imran Saied; Tughrul Arslan; Siddharthan Chandran,IEEE Journal of Electromagnetics RF and Microwaves in Medicine and Biology,collected:openalex,machine_learning; rf_signals,validation_study,6 antennas with S-parameter data from 9 human models,The logistic regression model achieved an accuracy of 98.97% in classifying four stages of Alzheimer's disease.,The study may be limited by the sample size of 9 models and the reliance on RF signal data alone.,"[{""quote"": ""The results obtained here provide a transformative approach to clinics and monitoring systems."", ""section"": ""abstract"", ""reason"": ""This quote highlights the clinical implications of the study's findings.""}]",Future work may explore integrating additional modalities for improved accuracy.,abstract; results; methods,
10_1016_j_sab_2020_105931,Diagnosis of Alzheimer's disease using laser-induced breakdown spectroscopy and machine learning,2020,10.1016/j.sab.2020.105931,R. Gaudiuso; Ebo Ewusi-Annan; Weiming Xia; Noureddine Melikechi,Spectrochimica Acta Part B Atomic Spectroscopy,collected:openalex,laser_induced_breakdown_spectroscopy; machine_learning,unclear,unclear,unclear,unclear,[],unclear,,
10_1109_cbms49503_2020_00020,3D Convolutional Neural Networks for Diagnosis of Alzheimer's Disease via Structural MRI,2020,10.1109/cbms49503.2020.00020,Ekin Yağış; Luca Citi; Stefano Diciotti; Chiara Marzi; Selamawet Workalemahu Atnafu; Alba García Seco de Herrera,,collected:openalex,3d_convolutional_neural_network; deep_learning,model_development_study,ADNI; OASIS,The proposed model achieved 73.4% classification accuracy on ADNI and 69.9% on OASIS dataset with 5-fold cross-validation.,unclear,[],unclear,abstract; title,
10_3389_fneur_2020_576194,Comparison of Transfer Learning and Conventional Machine Learning Applied to Structural Brain MRI for the Early Diagnosis and Prognosis of Alzheimer's Disease,2020,10.3389/fneur.2020.576194,Loris Nanni; Matteo Interlenghi; Sheryl Brahnam; Christian Salvatore; Sergio Papa; Raffaello Nemni; Isabella Castiglioni; The Alzheimer's Disease Neuroimaging Initiative,Frontiers in Neurology,collected:openalex,transfer_learning; conventional_machine_learning,cohort_study,"ADNI repository; more than 600 subjects including Alzheimer's Disease, Mild Cognitive Impaired (converting and not converting to AD), and cognitively-normal",The ensemble transfer-learning approach effectively discriminated AD from CN with 90.2% AUC.,The deep-learning network trained from scratch obtained lower performance than other methods due to the limited sample of images used for training.,"[{""quote"": ""These results open new prospective on the use of transfer learning combined with neuroimages for the automatic early diagnosis and prognosis of AD."", ""section"": ""abstract"", ""reason"": ""This quote summarizes the potential impact of the research.""}]",Further investigation into the performance of deep learning and transfer learning in Alzheimer’s diagnostics is needed.,abstract; methods; results,
10_1007_s00521_022_07501_0,Deep learning and multimodal feature fusion for the aided diagnosis of Alzheimer's disease,2022,10.1007/s00521-022-07501-0,Hongfei Jia; Huan Lao,Neural Computing and Applications,collected:openalex,deep_learning; multimodal_feature_fusion,model_development_study,unclear,unclear,unclear,[],unclear,title,
10_1016_j_bios_2024_116128,Surface-functionalized SERS platform for deep learning-assisted diagnosis of Alzheimer's disease,2024,10.1016/j.bios.2024.116128,Minjoon Kim; Sejoon Huh; Hyung Joon Park; Seunghee H. Cho; Min‐Young Lee; Sungho Jo; Yeon Sik Jung,Biosensors and Bioelectronics,collected:openalex,deep_learning,unclear,unclear,unclear,unclear,[],unclear,,
10_1016_j_heliyon_2021_e06226,Hippocampus segmentation on epilepsy and Alzheimer's disease studies with multiple convolutional neural networks,2021,10.1016/j.heliyon.2021.e06226,Diedre Carmo; Bruna Silva; Clarissa Yasuda; Letícia Rittner; Roberto Lotufo,Heliyon,collected:openalex,deep_learning; convolutional_neural_network,validation_study,HarP Alzheimer's segmentation dataset; in-house epilepsy dataset HCUnicamp,The presented method outperformed state-of-the-art methods in hippocampus segmentation for both Alzheimer's and epilepsy datasets.,False positives occurred in regions with hippocampus resections indicating room for improvement.,"[{""quote"": ""Hippocampus segmentation on magnetic resonance imaging is of key importance for the diagnosis..."", ""section"": ""abstract"", ""reason"": ""Highlights the importance of the study topic.""}]",Further improvements are needed for hippocampus segmentation methods when resection is involved.,abstract; methods,
10_1016_j_compbiomed_2024_108035,A hybrid multimodal machine learning model for Detecting Alzheimer's disease,2024,10.1016/j.compbiomed.2024.108035,Jinhua Sheng; Qian Zhang; Qiao Zhang; Luyun Wang; Ze Yang; Xin Yu; Binbing Wang,Computers in Biology and Medicine,collected:openalex,multimodal_machine_learning,model_development_study,unclear,unclear,unclear,[],unclear,title,
10_1145_3492865,A Comprehensive Report on Machine Learning-based Early Detection of Alzheimer's Disease using Multi-modal Neuroimaging Data,2022,10.1145/3492865,Shallu Sharma; Pravat K. Mandal,ACM Computing Surveys,collected:openalex,machine_learning,model_development_study,unclear,The paper argues for an early diagnosis system for AD enhanced through machine learning methodologies integrating multimodal neuroimaging data.,unclear,[],unclear,abstract,
10_1007_s12021_023_09625_7,Automatic Detection of Alzheimer's Disease using Deep Learning Models and Neuro-Imaging: Current Trends and Future Perspectives,2023,10.1007/s12021-023-09625-7,T. Illakiya; R. Karthik,Neuroinformatics,collected:openalex,deep_learning; neuro_imaging,mixed_methods_study,unclear,unclear,unclear,[],unclear,title,
10_1016_j_apsb_2025_07_030,"Artificial intelligence-driven multi-omics approaches in Alzheimer's disease: Progress, challenges, and future directions",2025,10.1016/j.apsb.2025.07.030,Fang Ren; Jing Wei; Qingxin Chen; Mengling Hu; Lu Yu; Jianing Mi; Xiaogang Zhou; Dalian Qin; Jianming Wu; Anguo Wu,Acta Pharmaceutica Sinica B,collected:openalex,ai_driven_multi_omics_approaches; machine_learning,unclear,unclear,Recent advances in artificial intelligence (AI) and multi-omics technologies provide new opportunities to elucidate the molecular mechanisms of Alzheimer's disease and identify early biomarkers for diagnosis and prognosis.,"Ongoing challenges remain, including data heterogeneity and limited interpretability of complex models.","[{""quote"": ""AI-driven approaches such as machine learning, deep learning, and network-based models have enabled the integration of large-scale genomic, transcriptomic, proteomic, metabolomic, and microbiomic datasets."", ""section"": ""abstract"", ""reason"": ""Illustrates how AI facilitates the integration of diverse datasets in Alzheimer's research.""}]",The absence of standardized multi-omics data processing methods further restricts progress.,abstract,
10_1016_j_bspc_2023_105215,EAD-DNN: Early Alzheimer's disease prediction using deep neural networks,2023,10.1016/j.bspc.2023.105215,Preethi Thangavel; Yuvaraj Natarajan; K. R. Sri Preethaa,Biomedical Signal Processing and Control,collected:openalex,deep_learning,model_development_study,unclear,unclear,unclear,[],unclear,title,
10_3389_fnagi_2022_871706,Alzheimer's Disease Diagnosis With Brain Structural MRI Using Multiview-Slice Attention and 3D Convolution Neural Network,2022,10.3389/fnagi.2022.871706,Lin Chen; Hezhe Qiao; Fan Zhu,Frontiers in Aging Neuroscience,collected:openalex,deep_learning; 3d_convolution_neural_network,validation_study,ADNI-1 and ADNI-2 datasets,The proposed model achieves accuracy values of 91.1% for AD diagnosis and 80.1% for MCI conversion prediction.,The study focuses on local features but may overlook broader contextual clues from entire datasets.,[],unclear,abstract,
10_1155_2021_6690539,Diagnosis of Alzheimer Disease Using 2D MRI Slices by Convolutional Neural Network,2021,10.1155/2021/6690539,Fanar Emad Khazaal Al-Khuzaie; Oğuz Bayat; Adil Deniz Duru,Applied Bionics and Biomechanics,collected:openalex,deep_learning; convolutional_neural_network,model_development_study,OASIS dataset,The enhanced AlzNet achieved an accuracy of 99.30% in diagnosing Alzheimer's disease.,unclear,"[{""quote"": ""We adopted a deep learning methodology for the discrimination between Alzheimer's patients and healthy patients from 2D anatomical slices."", ""section"": ""abstract"", ""reason"": ""Highlights the main approach and methodology employed in the research.""}, {""quote"": ""The accuracy of our enhanced network was 99.30%."", ""section"": ""abstract"", ""reason"": ""Indicates the key result of the study.""}]",unclear,abstract; title,
10_3389_fnhum_2022_972773,A novel deep learning approach for diagnosing Alzheimer's disease based on eye-tracking data,2022,10.3389/fnhum.2022.972773,Jinglin Sun; Yu Liu; Hao Wu; Peiguang Jing; Yong Ji,Frontiers in Human Neuroscience,collected:openalex,deep_learning; machine_learning,experimental_study,eye-tracking dataset; 108 patients with Alzheimer's disease and 102 healthy controls,"The proposed model shows 85% average accuracy in AD recognition, outperforming machine-learning methods.",Limited by the size of the eye-tracking dataset; reliance on 3D stimuli may not generalize to all scenarios.,"[{""quote"": ""The proposed model shows 85% average accuracy in AD recognition, outperforming machine-learning methods and other typical deep-learning networks."", ""section"": ""abstract"", ""reason"": ""Highlights the effectiveness of the proposed model in diagnosing Alzheimer's disease.""}]",Further research needed on larger-scale datasets for enhanced accuracy.,abstract; methods,
10_1016_j_compbiomed_2024_109438,Multi-scale multimodal deep learning framework for Alzheimer's disease diagnosis,2024,10.1016/j.compbiomed.2024.109438,M. Abdel-Aziz; Tianfu Wang; Waqas Anwaar; Ahmed Elazab,Computers in Biology and Medicine,collected:openalex,multi_scale_multimodal_deep_learning; convolutional_neural_network,validation_study,ADNI dataset,The proposed multimodal and multi-scale model achieves better performance than state-of-the-art methods in diagnosing Alzheimer's disease.,Existing methods rely on patch-based extraction which does not capture varying scales effectively.,[],unclear,abstract,
10_1109_access_2022_3204395,ADD-Net: An Effective Deep Learning Model for Early Detection of Alzheimer Disease in MRI Scans,2022,10.1109/access.2022.3204395,Mian Muhammad Sadiq Fareed; Shahid Zikria; Gulnaz Ahmed; Mui-zzud-din; Saqib Mahmood; Muhammad Aslam; Syeda Fizzah Jillani; Ahmad Moustafa; Muhammad Asad,IEEE Access,collected:openalex,deep_learning; convolutional_neural_network,model_development_study,Kaggle MRI image dataset; class imbalance problem addressed by synthetic oversampling technique.,"The proposed ADD-Net outperforms other state-of-the-art models in metrics like accuracy, AUC, precision, recall, and F1-score.",unclear,"[{""quote"": ""The proposed ADD-Net achieved the following values for evaluation metrics: 98.63%, 99.76%, 98.61%, 98.63%, 98.58%, and 0.0549 for accuracy, AUC, F1-score, precision, recall, and loss, respectively."", ""section"": ""abstract"", ""reason"": ""This quote summarizes the evaluation performance of the ADD-Net model.""}]",unclear,abstract,
10_1049_cps2_12090,A machine learning model for Alzheimer's disease prediction,2024,10.1049/cps2.12090,Pooja Rani; Rohit Lamba; Ravi Kumar Sachdeva; Karan Kumar; Celestine Iwendi,IET Cyber-Physical Systems Theory & Applications,collected:openalex,machine_learning; synthetic_minority_oversampling,validation_study,Open Access Series of Imaging Studies longitudinal dataset,The methodology SMOTE-RF achieves a maximum accuracy of 95.03% in predicting Alzheimer's disease.,unclear,[],unclear,,
10_1016_j_jrras_2023_100782,Automated Alzheimer's disease classification using deep learning models with Soft-NMS and improved ResNet50 integration,2024,10.1016/j.jrras.2023.100782,Yusi Chen; Lizhen Wang; Bijiao Ding; Jianshe Shi; Tingxi Wen; Jianlong Huang; Yuguang Ye,Journal of Radiation Research and Applied Sciences,collected:openalex,deep_learning; ensemble_learning,model_development_study,MRI data for Alzheimer's disease classification.,The proposed model achieved 98.91% accuracy in distinguishing AD from cognitively normal cases.,Limitations related to data availability and manual annotation are crucial for advancements.,[],Integrating multimodal imaging data and conducting longitudinal studies can enhance understanding of AD progression.,abstract,
10_1186_s13195_021_00924_2,Improving 3D convolutional neural network comprehensibility via interactive visualization of relevance maps: evaluation in Alzheimer's disease.,2021,10.1186/s13195-021-00924-2,"Martin Dyrba; Moritz Hanzig; Slawek Altenstein; Sebastian Bader; Tommaso Ballarini; Frederic Brosseron; Katharina Büerger; Daniel Cantré; Peter Dechent; Laura Dobisch; Emrah Düzel; Michael Ewers; Klaus Fließbach; Wenzel Glanz; John­–Dylan Haynes; Michael T. Heneka; Daniel Janowitz; Deniz Baris Keles; Ingo Kilimann; Christoph Laske; Franziska Maier; Coraline D. Metzger; Weber, Marc-André; Robert Perneczky; Oliver Peters; Lukas Preis; Josef Priller; Boris‐Stephan Rauchmann; Nina Roy; Klaus Scheffler; Anja Schneider; Björn H. Schott; Annika Spottke; Eike Spruth; Marc‐An﻿dré Weber; Birgit Ertl‐Wagner; Michael Wagner; Jens Wiltfang; Frank Jessen; Stefan Teipel",PUBLISSO (German National Library of Medicine),collected:openalex,convolutional_neural_network; interactive_visualization,validation_study,N = 663 T1-weighted MRI scans of patients with dementia and amnestic mild cognitive impairment (MCI),"The study achieved high accuracy for detecting Alzheimer's disease dementia using convolutional neural networks trained on MRI scans, supported by relevance maps correlating with hippocampal volume.",unclear,[],unclear,abstract; methods; results; conclusion,
10_1109_icdcece60827_2024_10548493,Early detection of Alzheimer's Disease and Dementia Using Deep Convolutional Neural Networks,2024,10.1109/icdcece60827.2024.10548493,G. Lakshmi Praveena; G. P. Ramesh,,collected:openalex,deep_convolutional_neural_network,model_development_study,3D MRI images of Alzheimer’s patients,The deep learning model achieved a high accuracy of 99.94% in classifying Alzheimer's disease stages.,unclear,[],unclear,abstract,
10_1109_tencon54134_2021_9707468,Exploring Alzheimer's Disease Prediction with XAI in various Neural Network Models,2021,10.1109/tencon54134.2021.9707468,Hamza Ahmed Shad; Quazi Ashikur Rahman; Nashita Binte Asad; Atif Zawad Bakshi; S.M.Faiaz Mursalin; Md Tanzim Reza; Mohammad Zavid Parvez,TENCON 2021 - 2021 IEEE Region 10 Conference (TENCON),collected:openalex,neural_network_models; classification_techniques,model_development_study,hybrid_dataset from Kaggle; MRI imaging data,"The study shows a high probable detection rate for Alzheimer's using neural network models, particularly in early-stage prediction.",The models cannot reliably predict or detect Alzheimer's in patients with mild cognitive impairment.,"[{""quote"": ""Alzheimer's disease(AD) often described as dementia is one of the major neurological dysfunctionalities among humans."", ""section"": ""abstract"", ""reason"": ""This highlights the significance of Alzheimer's as a neurological disorder.""}]",Further research is needed to improve early detection methods in mild cognitive impairment populations.,abstract; title,
10_1109_uemcon54665_2022_9965730,Deep Learning Based Model for Alzheimer's Disease Detection Using Brain MRI Images,2022,10.1109/uemcon54665.2022.9965730,Muntasir Mamun; Siam Bin Shawkat; Md Salim Ahammed; Md. Milon Uddin; Md Ishtyaq Mahmud; Asm Mohaimenul Islam,"2022 IEEE 13th Annual Ubiquitous Computing, Electronics &amp; Mobile Communication Conference (UEMCON)",collected:openalex,deep_learning; convolutional_neural_network,model_development_study,6219 MRI images dataset of different degrees of demented and non-demented brains.,"The CNN model achieved an accuracy of 97.60%, recall of 97%, and AUC of 99.26% in detecting Alzheimer's.",unclear,[],unclear,abstract; results,
10_21203_rs_3_rs_624520_v1,Alzheimer's Disease Early Detection Using Machine Learning Techniques,2021,10.21203/rs.3.rs-624520/v1,Roobaea Alroobaea; Seifeddine Mechti; Mariem Haoues; Saeed Rubaiee; Anas Ahmed; Murad Andejany; Nicola Luigi Bragazzi; Dilip Kumar Sharma; Bhanu Prakash Kolla; Sudhakar Sengan,Research Square,collected:openalex,supervised_machine_learning; computer_aided_diagnosis,model_development_study,Alzheimer’s Disease Neuroimaging Initiative (ADNI) and Open Access Series of Imaging Studies (OASIS),The best accuracy values provided by the machine learning classifiers are 99.43% and 99.10% for logistic regression and support vector machine respectively using the ADNI dataset.,No limitations explicitly stated in the abstract.,"[{""quote"": ""This made the early Alzheimer's disease detection a crucial problem in the healthcare industry."", ""section"": ""abstract"", ""reason"": ""Highlights the significance of the study's focus.""}]",unclear,abstract,
10_1155_2021_8198552,Artificial Intelligence-based MRI Images for Brain in Prediction of Alzheimer's Disease,2021,10.1155/2021/8198552,Xiaowang Bi; Wei Liu; Huaiqin Liu; Qun Shang,Journal of Healthcare Engineering,collected:openalex,deep_metric_learning; cnn,validation_study,"Alzheimer's Disease Neuroimaging Initiative (ADNI) database, 180 AD cases, 188 healthy controls, 210 mild cognitive impairment samples.",The DML model demonstrates better classification effects on early Alzheimer's disease patients with an accuracy of 0.83.,Specificities for DML model were lower than those of the CNN model.,"[{""quote"": ""The DML algorithm can significantly improve the clarity and quality of MRI images."", ""section"": ""abstract"", ""reason"": ""Supports the conclusion of the paper's contribution to enhancing MRI image classification.""}]",unclear,abstract; results,
10_3389_fnagi_2023_1238065,An eXplainability Artificial Intelligence approach to brain connectivity in Alzheimer's disease,2023,10.3389/fnagi.2023.1238065,Nicola Amoroso; Silvano Quarto; Marianna La Rocca; Sabina Tangaro; A. Monaco; R. Bellotti,Frontiers in Aging Neuroscience,collected:openalex,explainable_artificial_intelligence; graph_theory_modeling,cohort_study,cohort of 432 subjects from the Alzheimer's Disease Neuroimaging Initiative (ADNI),The study demonstrates how graph theory can distinguish clinical conditions in Alzheimer's disease and its related stages.,The transparency of results can be compromised by the algorithmic complexity inherent in AI methodologies.,"[{""quote"": ""Explainability analyses outline the role played by regions like putamen, middle and superior temporal gyrus."", ""section"": ""abstract"", ""reason"": ""This quote highlights the interpretative aspect of the study concerning brain regions affected by Alzheimer's.""}]",The approach could be extended to outline how brain connectivity affects specific brain regions.,abstract; methodology; results,
10_1016_j_compbiomed_2021_104935,Rethinking modeling Alzheimer's disease progression from a multi-task learning perspective with deep recurrent neural network,2021,10.1016/j.compbiomed.2021.104935,Wei Liang; Kai Zhang; Peng Cao; Xiaoli Liu; Jinzhu Yang; Osmar R. Zaı̈ane,Computers in Biology and Medicine,collected:openalex,,model_development_study,unclear,unclear,unclear,[],unclear,,
10_1016_j_asoc_2023_110804,EDCNNS: Federated learning enabled evolutionary deep convolutional neural network for Alzheimer disease detection,2023,10.1016/j.asoc.2023.110804,Abdullah Lakhan; Tor‐Morten Grønli; Ghulam Muhammad; Prayag Tiwari,Applied Soft Computing,collected:openalex,deep_learning; federated_learning,model_development_study,unclear,unclear,unclear,[],unclear,,
10_1109_ssd49366_2020_9364155,Alzheimer's disease detection using convolutional neural networks and transfer learning based methods,2020,10.1109/ssd49366.2020.9364155,Marwa Zaabi; Nadia Smaoui; Houda Derbel; Walid Hariri,,collected:openalex,convolutional_neural_network; transfer_learning,model_development_study,Oasis dataset (Open Access Series of Imaging Studies),The classification of images using Transfer Learning with 92.86% outperformed the CNN's classification rate.,unclear,[],unclear,abstract; title,
10_1016_j_bspc_2022_104375,"Integrating convolutional neural networks, kNN, and Bayesian optimization for efficient diagnosis of Alzheimer's disease in magnetic resonance images",2022,10.1016/j.bspc.2022.104375,Salim Lahmiri,Biomedical Signal Processing and Control,collected:openalex,convolutional_neural_networks; knn,unclear,unclear,unclear,unclear,[],unclear,,
10_1111_jon_12835,Differentiating Dementia with Lewy Bodies and Alzheimer's Disease by Deep Learning to Structural MRI,2021,10.1111/jon.12835,Kiyotaka Nemoto; Hiromasa Sakaguchi; Wataru Kasai; Masatoshi Hotta; Ryotaro Kamei; Tomoyuki Noguchi; Ryogo Minamimoto; Tetsuaki Arai; Takashi Asada,Journal of Neuroimaging,collected:openalex,deep_learning; convolutional_neural_network,observational_study,"208 patients (101 DLB, 69 AD, and 38 controls)",Deep learning method differentiated DLB from AD with 79.15% accuracy compared to 68.41% of conventional methods.,Low sensitivity and specificity of current DLB diagnostic criteria.,"[{""quote"": ""The feature extracted by the deep learning method differentiated DLB from AD with 79.15% accuracy."", ""section"": ""results"", ""reason"": ""This supports the effectiveness of deep learning in distinguishing between DLB and Alzheimer's.""}]",unclear,abstract; results,
10_1016_j_heliyon_2024_e29375,AI-based tool for early detection of Alzheimer's disease,2024,10.1016/j.heliyon.2024.e29375,Shafiq Ul Rehman; Noha Tarek; Caroline Magdy; Mohamed Kamel; Mohammed Abdelhalim; Alaa Melek; Lamees N. Mahmoud; Ibrahim Sadek,Heliyon,collected:openalex,transfer_learning; vgg16_model,validation_study,Alzheimer's Disease Neuroimaging Initiative (ADNI) dataset,"The model achieved high accuracy rates for classifying stages of Alzheimer's disease, emphasizing the importance of early detection.",The model may overfit the ADNI dataset and requires further validation across diverse populations.,"[{""quote"": ""Our study introduces a holistic solution, leveraging the hippocampus and the VGG16 model with transfer learning for early AD detection."", ""section"": ""abstract"", ""reason"": ""This quote highlights the main innovative approach of the paper.""}]",Further validation with external datasets is imperative to ensure robustness across diverse populations.,abstract; methods; results; discussion,
10_1109_icics52457_2021_9464543,Prediction Alzheimer's disease from MRI images using deep learning,2021,10.1109/icics52457.2021.9464543,Esraa Mggdadi; Ahmad Alaiad; Muhammad Al-Ayyad; Alaa Darabseh,,collected:openalex,deep_learning; convolutional_neural_network,model_development_study,MRI images from Kaggle dataset,The vgg16 algorithm achieved an accuracy of 70.3% in predicting Alzheimer's disease.,unclear,"[{""quote"": ""Deep Learning to predict and diagnose AD"", ""section"": ""abstract"", ""reason"": ""Indicates the main methodology used in the study.""}]",unclear,abstract; title,
10_60084_hjas_v1i1_12,QSAR Classification of Beta-Secretase 1 Inhibitor Activity in Alzheimer's Disease Using Ensemble Machine Learning Algorithms,2023,10.60084/hjas.v1i1.12,Teuku Rizky Noviandy; Aga Maulana; Talha Bin Emran; Ghazi Mauer Idroes; Rinaldi Idroes,Heca Journal of Applied Sciences,collected:openalex,ensemble_machine_learning; qsar_modeling,model_development_study,"10,551 chemical compounds tested as inhibitors of BACE1 protein collected from the ChEMBL database.",Random Forest achieved a testing accuracy of 82.53% in predicting BACE1 inhibitor activity.,unclear,[],Future work involves parameter optimization and fine-tuning of the ensemble models to enhance their performance.,abstract; title,Direct quotes were not applicable as they did not contain specific short quotations.
10_1016_j_ibmed_2023_100091,Prediction of Alzheimer's disease from magnetic resonance imaging using a convolutional neural network,2023,10.1016/j.ibmed.2023.100091,Kevin de Silva; H. Russell Kunz,Intelligence-Based Medicine,collected:openalex,convolutional_neural_network; hyperparameter_optimization,observational_study,MIRIAD-dataset from patients' health records represented by a set of MRI scans.,The study obtained an AUC of 0.92 for predicting Alzheimer's Disease from MRI scans.,unclear,[],unclear,abstract,
10_1002_advs_202204717,Deep Learning for Brain MRI Confirms Patterned Pathological Progression in Alzheimer's Disease,2022,10.1002/advs.202204717,Dan Pan; An Zeng; Baoyao Yang; Gangyong Lai; Bing Hu; Xiaowei Song; Tianzi Jiang; Alzheimer's Disease Neuroimaging Initiative (ADNI),Advanced Science,collected:openalex,deep_learning; ensemble_learning,longitudinal_study,T1-weighted images from the multi-centre Alzheimer's Disease Neuroimaging Initiative and Open Access Series of Imaging Studies cohorts.,The study demonstrates that deep learning can identify progressive structural changes in MRI data associated with Alzheimer's disease.,The specific value of deep learning in detecting progressive MRI abnormalities linked to Alzheimer’s disease pathology has yet to be fully established.,"[{""quote"": ""Deep learning (DL) on brain magnetic resonance imaging (MRI) data has shown excellent performance in differentiating individuals with Alzheimer's disease (AD)."", ""section"": ""abstract"", ""reason"": ""This shows the study's foundational premise on the effectiveness of deep learning in Alzheimer’s diagnosis.""}]",Further investigation is needed to establish the full value of deep learning techniques in detecting Alzheimer's disease-related MRI changes.,abstract; results; discussion,
10_6026_97320630017363,Identification of marker genes in Alzheimer's disease using a machine-learning model,2021,10.6026/97320630017363,Inamul Hasan Madar,Bioinformation,collected:openalex,machine_learning_classification,model_development_study,two distinct data sets of AD genes which could be potential biomarkers in the diagnosis,"J48 emerged as the best classifier, which could be used for differentiating healthy and diseased samples.",unclear,[],unclear,abstract; title,
10_1109_jbhi_2022_3215533,Conv-eRVFL: Convolutional Neural Network Based Ensemble RVFL Classifier for Alzheimer's Disease Diagnosis,2022,10.1109/jbhi.2022.3215533,Rahul Sharma; Tripti Goel; M. Tanveer; Ponnuthurai Nagaratnam Suganthan; Imran Razzak; R. Murugan,IEEE Journal of Biomedical and Health Informatics,collected:openalex,wavelet_packet_transform; ensemble_learning,validation_study,Alzheimer's Disease Neuroimaging Initiative (ADNI) dataset,The model performance obtained is decent enough to prove the effectiveness of the fusion-based ensemble approach.,No specific limitations were reported in the evidence.,[],unclear,abstract,
10_1002_alz_70175,Early detection of Alzheimer's disease using deep learning methods,2025,10.1002/alz.70175,Anthony Chidubem Mmadumbu; Faisal Saeed; Fuad A. Ghaleb; Sultan Noman Qasem,Alzheimer s & Dementia,collected:openalex,deep_learning; hybrid_models,validation_study,National Alzheimer's Coordinating Centre (NACC); Alzheimer's Disease Neuroimaging Initiative (ADNI),The hybrid deep learning model achieved 99.82% accuracy on the NACC dataset and 96.19% accuracy on the ADNI dataset.,unclear,"[{""quote"": ""This study highlights hybrid AI models' potential in AD detection, enabling earlier interventions and improved detection outcomes."", ""section"": ""discussion"", ""reason"": ""This quote summarizes the significance of the study's findings.""}]",unclear,abstract,
10_1111_1475_6773_14210,Natural language processing to identify social determinants of health in Alzheimer's disease and related dementia from electronic health records,2023,10.1111/1475-6773.14210,Wenbo Wu; Kaes J. Holkeboer; Temidun O. Kolawole; Lorrie Carbone; Elham Mahmoudi,Health Services Research,collected:openalex,natural_language_processing; rule_based_algorithm,observational_study,1000 medical notes from Michigan Medicine regarding Alzheimer's patients,The rule-based algorithm can accurately extract SDoH information in all seven domains of SDoH except housing and medication insecurities.,The performance of the deep learning and regularized logistic regression algorithms was unsatisfactory.,[],unclear,,
