paper_id,field,value,issue,severity,detail
10_1523_jneurosci_2250_06_2006,methodology,multivariate_analytic_techniques,review_value_mapped,warning,mapped_to=multivariate_analysis
10_1371_journal_pcbi_1000100,methodology,graph_analysis,review_value_mapped,warning,mapped_to=network_analysis
10_1109_isbi_2014_6868045,venue,,recommended_metadata_missing,warning,
10_3389_fnagi_2019_00220,methodology,neuroimaging,review_value_dropped,warning,dropped_by_review
10_1186_1471_2202_10_101,methodology,graph_theory,review_value_mapped,warning,mapped_to=network_analysis
10_1186_1471_2202_10_101,methodology,eeg,review_value_dropped,warning,dropped_by_review
10_1148_radiol_10100734,methodology,large_scale_network_analysis,review_value_mapped,warning,mapped_to=network_analysis
10_1148_radiol_10100734,methodology,resting_state_functional_mr_imaging,review_value_dropped,warning,dropped_by_review
10_1002_alz_13390,methodology,artificial_intelligence,review_value_dropped,warning,dropped_by_review
