paper_id,title,year,doi,abstract,authors,venue,url,source,full_text_path,full_text_availability_status,full_text_availability_source,full_text_url,full_text_url_kind,full_text_url_checked_at,full_text_url_content_type,full_text_license,full_text_is_open_access,full_text_availability_error,notes,abstract_available,full_text_available,metadata_notes,scope_decision,scope_reason,scope_matched_include_terms,scope_matched_exclude_terms,full_text_status,full_text_source,full_text_text_path,full_text_chars,full_text_error,full_text_manual_lookup_url
10_1523_jneurosci_2250_06_2006,Alterations in Memory Networks in Mild Cognitive Impairment and Alzheimer's Disease: An Independent Component Analysis,2006,10.1523/jneurosci.2250-06.2006,"Memory function is likely subserved by multiple distributed neural networks, which are disrupted by the pathophysiological process of Alzheimer's disease (AD). In this study, we used multivariate analytic techniques to investigate memory-related functional magnetic resonance imaging (fMRI) activity in 52 individuals across the continuum of normal aging, mild cognitive impairment (MCI), and mild AD. Independent component analyses revealed specific memory-related networks that activated or deactivated during an associative memory paradigm. Across all subjects, hippocampal activation and parietal deactivation demonstrated a strong reciprocal relationship. Furthermore, we found evidence of a nonlinear trajectory of fMRI activation across the continuum of impairment. Less impaired MCI subjects showed paradoxical hyperactivation in the hippocampus compared with controls, whereas more impaired MCI subjects demonstrated significant hypoactivation, similar to the levels observed in the mild AD subjects. We found a remarkably parallel curve in the pattern of memory-related deactivation in medial and lateral parietal regions with greater deactivation in less-impaired MCI and loss of deactivation in more impaired MCI and mild AD subjects. Interestingly, the failure of deactivation in these regions was also associated with increased positive activity in a neocortical attentional network in MCI and AD. Our findings suggest that loss of functional integrity of the hippocampal-based memory systems is directly related to alterations of neural activity in parietal regions seen over the course of MCI and AD. These data may also provide functional evidence of the interaction between neocortical and medial temporal lobe pathology in early AD.",Kim Celone; Vince D. Calhoun; Bradford C. Dickerson; Alireza Atri; Elizabeth F. Chua; Saul L. Miller; Kristina M. DePeau; Doreen Rentz; Dennis J. Selkoe; Deborah Blacker; Marilyn Albert; Reisa A. Sperling,Journal of Neuroscience,https://doi.org/10.1523/jneurosci.2250-06.2006,collected:openalex,,verified,openalex_best_oa_location,https://europepmc.org/api/getPdf?pmcid=PMC6674636,landing_page,2026-06-17T19:18:31.318924+00:00,text/html; charset=utf-8,,yes,,"provider=openalex; provider_id=https://openalex.org/W2018523864; source_rank=1; retrieval_date=2026-06-17; screening_confidence=high; screening_reason=The anchor topic 'Alzheimer's Disease' and all main topics are present in the title and abstract.; screening_status=llm_screened; title_anchor_present=yes; title_relevance_tier=0; title_matched_main_topics=alzheimers_disease; computational_methods; source_query=(""Alzheimer's disease"" OR AD OR ""prodromal Alzheimer's disease"" OR ""preclinical Alzheimer's disease"" OR ""mild cognitive impairment"" OR ""Alzheimer disease"" OR dementia OR ""cognitive decline"" OR MCI OR ""dementia-related cognitive impairment"") AND (""computational biology"" OR bioinformatics OR ""bioinformatics analysis"" OR ""machine learning"" OR AI OR ML OR ""artificial intelligence"" OR ""deep learning"" OR ""supervised learning"" OR ""unsupervised learning"" OR ""statistical modeling"" OR ""network analysis""); source_query_reason=Tier 0: anchor and all main topics.; dedupe_key=doi:10.1523/jneurosci.2250-06.2006; duplicate_count=1; in_fetch_duplicate_count=1; topic_main_matches=alzheimers_disease=Alzheimer's disease@title|Alzheimer's@title|Alzheimer disease@title|mild cognitive impairment@title",yes,yes,,include,"Matched include term(s): Alzheimer's disease, data analysis, AD, Alzheimer disease, Alzheimer's, mild cognitive impairment, MCI, prodromal Alzheimer's disease, preclinical Alzheimer's disease, dementia-related cognitive impairment, network analysis, Parkinson's disease",Alzheimer's disease; data analysis; AD; Alzheimer disease; Alzheimer's; mild cognitive impairment; MCI; prodromal Alzheimer's disease; preclinical Alzheimer's disease; dementia-related cognitive impairment; network analysis; Parkinson's disease,,pdf_text_extracted,europe_pmc,/Users/mariehensche/.cache/ad_lit_pipeline/full_text/texts/10_1523_jneurosci_2250_06_2006_4f20def0ee2955be.txt,65251,,
10_1016_j_neuroimage_2014_06_077,Hierarchical feature representation and multimodal fusion with deep learning for AD/MCI diagnosis,2014,10.1016/j.neuroimage.2014.06.077,,Heung‐Il Suk; Seong‐Whan Lee; Dinggang Shen,NeuroImage,https://doi.org/10.1016/j.neuroimage.2014.06.077,collected:openalex,,verified,openalex_primary_location,,landing_page,2026-06-17T19:18:31.855526+00:00,text/html;charset=UTF-8,,no,,"provider=openalex; provider_id=https://openalex.org/W2126598020; source_rank=2; retrieval_date=2026-06-17; screening_confidence=high; screening_reason=Deterministic title-strict tier-0 retrieval match: anchor and all main topics matched in the title.; screening_status=deterministic_include; title_anchor_present=yes; title_relevance_tier=0; title_matched_main_topics=alzheimers_disease; computational_methods; source_query=(""Alzheimer's disease"" OR AD OR ""prodromal Alzheimer's disease"" OR ""preclinical Alzheimer's disease"" OR ""mild cognitive impairment"" OR ""Alzheimer disease"" OR dementia OR ""cognitive decline"" OR MCI OR ""dementia-related cognitive impairment"") AND (""computational biology"" OR bioinformatics OR ""bioinformatics analysis"" OR ""machine learning"" OR AI OR ML OR ""artificial intelligence"" OR ""deep learning"" OR ""supervised learning"" OR ""unsupervised learning"" OR ""statistical modeling"" OR ""network analysis""); source_query_reason=Tier 0: anchor and all main topics.; dedupe_key=doi:10.1016/j.neuroimage.2014.06.077; duplicate_count=1; in_fetch_duplicate_count=1; topic_main_matches=alzheimers_disease=AD@title|MCI@title, computational_methods=deep learning@title",no,yes,missing_abstract,include,"Matched include term(s): AD, Alzheimer disease, mild cognitive impairment, MCI, deep learning",AD; Alzheimer disease; mild cognitive impairment; MCI; deep learning,,extraction_failed,,,0,provider_metadata https://linkinghub.elsevier.com/retrieve/pii/S1053811914005540: ValueError: Extracted text too short for full-text tagging (11 chars) from https://linkinghub.elsevier.com/retrieve/pii/S1053811914005540 | provider_metadata https://doi.org/10.1016/j.neuroimage.2014.06.077: ValueError: Extracted text too short for full-text tagging (11 chars) from https://linkinghub.elsevier.com/retrieve/pii/S1053811914005540 | europe_pmc https://europepmc.org/articles/PMC4165842?pdf=render: HTTPError: HTTP Error 500: ,https://scholar.google.com/scholar?q=10.1016/j.neuroimage.2014.06.077
10_1016_j_neuroimage_2019_01_031,A parameter-efficient deep learning approach to predict conversion from mild cognitive impairment to Alzheimer's disease,2019,10.1016/j.neuroimage.2019.01.031,,S Spasov; Luca Passamonti; Andrea Duggento; Píetro Lió; Nicola Toschi,NeuroImage,https://doi.org/10.1016/j.neuroimage.2019.01.031,collected:openalex,,verified,openalex_best_oa_location,,landing_page,2026-06-17T19:18:32.317003+00:00,text/html;charset=UTF-8,,yes,,"provider=openalex; provider_id=https://openalex.org/W2950680182; source_rank=3; retrieval_date=2026-06-17; screening_confidence=high; screening_reason=Deterministic title-strict tier-0 retrieval match: anchor and all main topics matched in the title.; screening_status=deterministic_include; title_anchor_present=yes; title_relevance_tier=0; title_matched_main_topics=alzheimers_disease; computational_methods; source_query=(""Alzheimer's disease"" OR AD OR ""prodromal Alzheimer's disease"" OR ""preclinical Alzheimer's disease"" OR ""mild cognitive impairment"" OR ""Alzheimer disease"" OR dementia OR ""cognitive decline"" OR MCI OR ""dementia-related cognitive impairment"") AND (""computational biology"" OR bioinformatics OR ""bioinformatics analysis"" OR ""machine learning"" OR AI OR ML OR ""artificial intelligence"" OR ""deep learning"" OR ""supervised learning"" OR ""unsupervised learning"" OR ""statistical modeling"" OR ""network analysis""); source_query_reason=Tier 0: anchor and all main topics.; dedupe_key=doi:10.1016/j.neuroimage.2019.01.031; duplicate_count=1; in_fetch_duplicate_count=1; topic_main_matches=alzheimers_disease=Alzheimer's disease@title|Alzheimer's@title|Alzheimer disease@title|mild cognitive impairment@title, computational_methods=deep learning@title",no,yes,missing_abstract,include,"Matched include term(s): Alzheimer's disease, Alzheimer disease, Alzheimer's, mild cognitive impairment, prodromal Alzheimer's disease, preclinical Alzheimer's disease, dementia-related cognitive impairment, deep learning, Parkinson's disease",Alzheimer's disease; Alzheimer disease; Alzheimer's; mild cognitive impairment; prodromal Alzheimer's disease; preclinical Alzheimer's disease; dementia-related cognitive impairment; deep learning; Parkinson's disease,,extraction_failed,,,0,provider_metadata https://linkinghub.elsevier.com/retrieve/pii/S105381191930031X: ValueError: Extracted text too short for full-text tagging (11 chars) from https://linkinghub.elsevier.com/retrieve/pii/S105381191930031X | provider_metadata https://doi.org/10.1016/j.neuroimage.2019.01.031: ValueError: Extracted text too short for full-text tagging (11 chars) from https://linkinghub.elsevier.com/retrieve/pii/S105381191930031X | unpaywall https://www.sciencedirect.com/science/article/am/pii/S105381191930031X?via%3Dihub: HTTPError: HTTP Error 403: Forbidden | core https://core.ac.uk/works/78543866: TimeoutError: The read operation timed out,https://scholar.google.com/scholar?q=10.1016/j.neuroimage.2019.01.031
10_1371_journal_pcbi_1000100,Network Analysis of Intrinsic Functional Brain Connectivity in Alzheimer's Disease,2008,10.1371/journal.pcbi.1000100,"Functional brain networks detected in task-free (""resting-state"") functional magnetic resonance imaging (fMRI) have a small-world architecture that reflects a robust functional organization of the brain. Here, we examined whether this functional organization is disrupted in Alzheimer's disease (AD). Task-free fMRI data from 21 AD subjects and 18 age-matched controls were obtained. Wavelet analysis was applied to the fMRI data to compute frequency-dependent correlation matrices. Correlation matrices were thresholded to create 90-node undirected-graphs of functional brain networks. Small-world metrics (characteristic path length and clustering coefficient) were computed using graph analytical methods. In the low frequency interval 0.01 to 0.05 Hz, functional brain networks in controls showed small-world organization of brain activity, characterized by a high clustering coefficient and a low characteristic path length. In contrast, functional brain networks in AD showed loss of small-world properties, characterized by a significantly lower clustering coefficient (p<0.01), indicative of disrupted local connectivity. Clustering coefficients for the left and right hippocampus were significantly lower (p<0.01) in the AD group compared to the control group. Furthermore, the clustering coefficient distinguished AD participants from the controls with a sensitivity of 72% and specificity of 78%. Our study provides new evidence that there is disrupted organization of functional brain networks in AD. Small-world metrics can characterize the functional organization of the brain in AD, and our findings further suggest that these network measures may be useful as an imaging-based biomarker to distinguish AD from healthy aging.",Kaustubh Supekar; Vinod Menon; Daniel J. Rubin; Mark A. Musen; Michael D. Greicius,PLoS Computational Biology,https://doi.org/10.1371/journal.pcbi.1000100,collected:openalex,,verified,openalex_open_access,https://journals.plos.org/ploscompbiol/article/file?id=10.1371/journal.pcbi.1000100&type=printable,landing_page,2026-06-17T19:18:31.044322+00:00,application/pdf,,yes,,"provider=openalex; provider_id=https://openalex.org/W2138991775; source_rank=4; retrieval_date=2026-06-17; screening_confidence=high; screening_reason=Deterministic title-strict tier-0 retrieval match: anchor and all main topics matched in the title.; screening_status=deterministic_include; title_anchor_present=yes; title_relevance_tier=0; title_matched_main_topics=alzheimers_disease; computational_methods; source_query=(""Alzheimer's disease"" OR AD OR ""prodromal Alzheimer's disease"" OR ""preclinical Alzheimer's disease"" OR ""mild cognitive impairment"" OR ""Alzheimer disease"" OR dementia OR ""cognitive decline"" OR MCI OR ""dementia-related cognitive impairment"") AND (""computational biology"" OR bioinformatics OR ""bioinformatics analysis"" OR ""machine learning"" OR AI OR ML OR ""artificial intelligence"" OR ""deep learning"" OR ""supervised learning"" OR ""unsupervised learning"" OR ""statistical modeling"" OR ""network analysis""); source_query_reason=Tier 0: anchor and all main topics.; dedupe_key=doi:10.1371/journal.pcbi.1000100; duplicate_count=1; in_fetch_duplicate_count=1; topic_main_matches=alzheimers_disease=Alzheimer's disease@title|Alzheimer's@title|Alzheimer disease@title, computational_methods=network analysis@title",yes,yes,,include,"Matched include term(s): Alzheimer's disease, data analysis, AD, Alzheimer disease, Alzheimer's, prodromal Alzheimer's disease, preclinical Alzheimer's disease, network analysis, Parkinson's disease, biomarkers for Parkinson's",Alzheimer's disease; data analysis; AD; Alzheimer disease; Alzheimer's; prodromal Alzheimer's disease; preclinical Alzheimer's disease; network analysis; Parkinson's disease; biomarkers for Parkinson's,,pdf_text_extracted,provider_metadata,/Users/mariehensche/.cache/ad_lit_pipeline/full_text/texts/10_1371_journal_pcbi_1000100_bbf4e4c06276944e.txt,58471,,
10_1109_isbi_2014_6868045,Early diagnosis of Alzheimer's disease with deep learning,2014,10.1109/isbi.2014.6868045,"The accurate diagnosis of Alzheimer's disease (AD) plays a significant role in patient care, especially at the early stage, because the consciousness of the severity and the progression risks allows the patients to take prevention measures before irreversible brain damages are shaped. Although many studies have applied machine learning methods for computer-aided-diagnosis (CAD) of AD recently, a bottleneck of the diagnosis performance was shown in most of the existing researches, mainly due to the congenital limitations of the chosen learning models. In this study, we design a deep learning architecture, which contains stacked auto-encoders and a softmax output layer, to overcome the bottleneck and aid the diagnosis of AD and its prodromal stage, Mild Cognitive Impairment (MCI). Compared to the previous workflows, our method is capable of analyzing multiple classes in one setting, and requires less labeled training samples and minimal domain prior knowledge. A significant performance gain on classification of all diagnosis groups was achieved in our experiments.",Siqi Liu; Sidong Liu; Weidong Cai; Sonia Pujol; Ron Kikinis; Dagan Feng,,https://doi.org/10.1109/isbi.2014.6868045,collected:openalex,,verified,openalex_primary_location,,landing_page,2026-06-17T19:18:31.044456+00:00,text/html; charset=UTF-8,,no,,"provider=openalex; provider_id=https://openalex.org/W2057536936; source_rank=5; retrieval_date=2026-06-17; screening_confidence=high; screening_reason=Deterministic title-strict tier-0 retrieval match: anchor and all main topics matched in the title.; screening_status=deterministic_include; title_anchor_present=yes; title_relevance_tier=0; title_matched_main_topics=alzheimers_disease; computational_methods; source_query=(""Alzheimer's disease"" OR AD OR ""prodromal Alzheimer's disease"" OR ""preclinical Alzheimer's disease"" OR ""mild cognitive impairment"" OR ""Alzheimer disease"" OR dementia OR ""cognitive decline"" OR MCI OR ""dementia-related cognitive impairment"") AND (""computational biology"" OR bioinformatics OR ""bioinformatics analysis"" OR ""machine learning"" OR AI OR ML OR ""artificial intelligence"" OR ""deep learning"" OR ""supervised learning"" OR ""unsupervised learning"" OR ""statistical modeling"" OR ""network analysis""); source_query_reason=Tier 0: anchor and all main topics.; dedupe_key=doi:10.1109/isbi.2014.6868045; duplicate_count=1; in_fetch_duplicate_count=1; topic_main_matches=alzheimers_disease=Alzheimer's disease@title|Alzheimer's@title|Alzheimer disease@title, computational_methods=deep learning@title",yes,yes,,include,"Matched include term(s): Alzheimer's disease, machine learning, AD, Alzheimer disease, Alzheimer's, mild cognitive impairment, MCI, prodromal Alzheimer's disease, preclinical Alzheimer's disease, dementia-related cognitive impairment, deep learning, Parkinson's disease",Alzheimer's disease; machine learning; AD; Alzheimer disease; Alzheimer's; mild cognitive impairment; MCI; prodromal Alzheimer's disease; preclinical Alzheimer's disease; dementia-related cognitive impairment; deep learning; Parkinson's disease,,extraction_failed,,,0,provider_metadata https://ieeexplore.ieee.org/document/6868045/: ValueError: Extracted text too short for full-text tagging (0 chars) from https://ieeexplore.ieee.org/document/6868045/ | provider_metadata https://doi.org/10.1109/isbi.2014.6868045: ValueError: Extracted text too short for full-text tagging (0 chars) from https://ieeexplore.ieee.org/document/6868045/ | core https://core.ac.uk/works/118946128: TimeoutError: The read operation timed out,https://scholar.google.com/scholar?q=10.1109/isbi.2014.6868045
10_1007_978_3_642_40763_5_72,Deep Learning-Based Feature Representation for AD/MCI Classification,2013,10.1007/978-3-642-40763-5_72,,Heung‐Il Suk; Dinggang Shen,Lecture notes in computer science,https://doi.org/10.1007/978-3-642-40763-5_72,collected:openalex,,verified,openalex_primary_location,https://link.springer.com/content/pdf/10.1007/978-3-642-40763-5.pdf?error=cookies_not_supported&code=be67e228-ada1-4bea-820b-0083bafa22c1,landing_page,2026-06-17T19:18:32.247079+00:00,text/html; charset=utf-8,,no,,"provider=openalex; provider_id=https://openalex.org/W1948745668; source_rank=6; retrieval_date=2026-06-17; screening_confidence=high; screening_reason=Deterministic title-strict tier-0 retrieval match: anchor and all main topics matched in the title.; screening_status=deterministic_include; title_anchor_present=yes; title_relevance_tier=0; title_matched_main_topics=alzheimers_disease; computational_methods; source_query=(""Alzheimer's disease"" OR AD OR ""prodromal Alzheimer's disease"" OR ""preclinical Alzheimer's disease"" OR ""mild cognitive impairment"" OR ""Alzheimer disease"" OR dementia OR ""cognitive decline"" OR MCI OR ""dementia-related cognitive impairment"") AND (""computational biology"" OR bioinformatics OR ""bioinformatics analysis"" OR ""machine learning"" OR AI OR ML OR ""artificial intelligence"" OR ""deep learning"" OR ""supervised learning"" OR ""unsupervised learning"" OR ""statistical modeling"" OR ""network analysis""); source_query_reason=Tier 0: anchor and all main topics.; dedupe_key=doi:10.1007/978-3-642-40763-5_72; duplicate_count=1; in_fetch_duplicate_count=1; topic_main_matches=alzheimers_disease=AD@title|MCI@title, computational_methods=deep learning@title",no,yes,missing_abstract,include,"Matched include term(s): AD, Alzheimer disease, mild cognitive impairment, MCI, deep learning",AD; Alzheimer disease; mild cognitive impairment; MCI; deep learning,,landing_pdf_text_extracted,provider_metadata,/Users/mariehensche/.cache/ad_lit_pipeline/full_text/texts/10_1007_978_3_642_40763_5_72_9e24effc0f97331c.txt,1917782,,
10_3389_fnagi_2019_00220,Deep Learning in Alzheimer's Disease: Diagnostic Classification and Prognostic Prediction Using Neuroimaging Data,2019,10.3389/fnagi.2019.00220,"Deep learning, a state-of-the-art machine learning approach, has shown outstanding performance over traditional machine learning in identifying intricate structures in complex high-dimensional data, especially in the domain of computer vision. The application of deep learning to early detection and automated classification of Alzheimer's disease (AD) has recently gained considerable attention, as rapid progress in neuroimaging techniques has generated large-scale multimodal neuroimaging data. A systematic review of publications using deep learning approaches and neuroimaging data for diagnostic classification of AD was performed. A PubMed and Google Scholar search was used to identify deep learning papers on AD published between January 2013 and July 2018. These papers were reviewed, evaluated, and classified by algorithm and neuroimaging type, and the findings were summarized. Of 16 studies meeting full inclusion criteria, 4 used a combination of deep learning and traditional machine learning approaches, and 12 used only deep learning approaches. The combination of traditional machine learning for classification and stacked auto-encoder (SAE) for feature selection produced accuracies of up to 98.8% for AD classification and 83.7% for prediction of conversion from mild cognitive impairment (MCI), a prodromal stage of AD, to AD. Deep learning approaches, such as convolutional neural network (CNN) or recurrent neural network (RNN), that use neuroimaging data without pre-processing for feature selection have yielded accuracies of up to 96.0% for AD classification and 84.2% for MCI conversion prediction. The best classification performance was obtained when multimodal neuroimaging and fluid biomarkers were combined. Deep learning approaches continue to improve in performance and appear to hold promise for diagnostic classification of AD using multimodal neuroimaging data. AD research that uses deep learning is still evolving, improving performance by incorporating additional hybrid data types, such as-omics data, increasing transparency with explainable approaches that add knowledge of specific disease-related features and mechanisms.",Taeho Jo; Kwangsik Nho; Andrew J. Saykin,Frontiers in Aging Neuroscience,https://doi.org/10.3389/fnagi.2019.00220,collected:openalex,,verified,openalex_open_access,https://www.frontiersin.org/journals/aging-neuroscience/articles/10.3389/fnagi.2019.00220/pdf,landing_page,2026-06-17T19:18:31.044581+00:00,text/html;charset=utf-8,,yes,,"provider=openalex; provider_id=https://openalex.org/W2964629181; source_rank=7; retrieval_date=2026-06-17; screening_confidence=high; screening_reason=Deterministic title-strict tier-0 retrieval match: anchor and all main topics matched in the title.; screening_status=deterministic_include; title_anchor_present=yes; title_relevance_tier=0; title_matched_main_topics=alzheimers_disease; computational_methods; source_query=(""Alzheimer's disease"" OR AD OR ""prodromal Alzheimer's disease"" OR ""preclinical Alzheimer's disease"" OR ""mild cognitive impairment"" OR ""Alzheimer disease"" OR dementia OR ""cognitive decline"" OR MCI OR ""dementia-related cognitive impairment"") AND (""computational biology"" OR bioinformatics OR ""bioinformatics analysis"" OR ""machine learning"" OR AI OR ML OR ""artificial intelligence"" OR ""deep learning"" OR ""supervised learning"" OR ""unsupervised learning"" OR ""statistical modeling"" OR ""network analysis""); source_query_reason=Tier 0: anchor and all main topics.; dedupe_key=doi:10.3389/fnagi.2019.00220; duplicate_count=1; in_fetch_duplicate_count=1; topic_main_matches=alzheimers_disease=Alzheimer's disease@title|Alzheimer's@title|Alzheimer disease@title, computational_methods=neuroimaging@title|deep learning@title",yes,yes,,include,"Matched include term(s): Alzheimer's disease, machine learning, AD, Alzheimer disease, Alzheimer's, mild cognitive impairment, MCI, prodromal Alzheimer's disease, preclinical Alzheimer's disease, dementia-related cognitive impairment, deep learning, Parkinson's disease, biomarkers for Parkinson's",Alzheimer's disease; machine learning; AD; Alzheimer disease; Alzheimer's; mild cognitive impairment; MCI; prodromal Alzheimer's disease; preclinical Alzheimer's disease; dementia-related cognitive impairment; deep learning; Parkinson's disease; biomarkers for Parkinson's,,landing_pdf_text_extracted,provider_metadata,/Users/mariehensche/.cache/ad_lit_pipeline/full_text/texts/10_3389_fnagi_2019_00220_cbff70705d42af10.txt,61912,,
10_1186_s13195_021_00900_w,Machine learning methods for predicting progression from mild cognitive impairment to Alzheimer’s disease dementia: a systematic review,2021,10.1186/s13195-021-00900-w,"BACKGROUND: An increase in lifespan in our society is a double-edged sword that entails a growing number of patients with neurocognitive disorders, Alzheimer's disease being the most prevalent. Advances in medical imaging and computational power enable new methods for the early detection of neurocognitive disorders with the goal of preventing or reducing cognitive decline. Computer-aided image analysis and early detection of changes in cognition is a promising approach for patients with mild cognitive impairment, sometimes a prodromal stage of Alzheimer's disease dementia. METHODS: We conducted a systematic review following PRISMA guidelines of studies where machine learning was applied to neuroimaging data in order to predict whether patients with mild cognitive impairment might develop Alzheimer's disease dementia or remain stable. After removing duplicates, we screened 452 studies and selected 116 for qualitative analysis. RESULTS: Most studies used magnetic resonance image (MRI) and positron emission tomography (PET) data but also magnetoencephalography. The datasets were mainly extracted from the Alzheimer's disease neuroimaging initiative (ADNI) database with some exceptions. Regarding the algorithms used, the most common was support vector machine with a mean accuracy of 75.4%, but convolutional neural networks achieved a higher mean accuracy of 78.5%. Studies combining MRI and PET achieved overall better classification accuracy than studies that only used one neuroimaging technique. In general, the more complex models such as those based on deep learning, combined with multimodal and multidimensional data (neuroimaging, clinical, cognitive, genetic, and behavioral) achieved the best performance. CONCLUSIONS: Although the performance of the different methods still has room for improvement, the results are promising and this methodology has a great potential as a support tool for clinicians and healthcare professionals.",Sergio Grueso; Raquel Viejo-Sobera,Alzheimer s Research & Therapy,https://doi.org/10.1186/s13195-021-00900-w,collected:openalex,,verified,openalex_open_access,https://link.springer.com/content/pdf/10.1186/s13195-021-00900-w.pdf?error=cookies_not_supported&code=aa8892bd-d7a1-4ae8-9830-15b47b9ca68f,pdf,2026-06-17T19:18:31.044682+00:00,application/pdf,,yes,,"provider=openalex; provider_id=https://openalex.org/W3202902530; source_rank=8; retrieval_date=2026-06-17; screening_confidence=high; screening_reason=Deterministic title-strict tier-0 retrieval match: anchor and all main topics matched in the title.; screening_status=deterministic_include; title_anchor_present=yes; title_relevance_tier=0; title_matched_main_topics=alzheimers_disease; computational_methods; source_query=(""Alzheimer's disease"" OR AD OR ""prodromal Alzheimer's disease"" OR ""preclinical Alzheimer's disease"" OR ""mild cognitive impairment"" OR ""Alzheimer disease"" OR dementia OR ""cognitive decline"" OR MCI OR ""dementia-related cognitive impairment"") AND (""computational biology"" OR bioinformatics OR ""bioinformatics analysis"" OR ""machine learning"" OR AI OR ML OR ""artificial intelligence"" OR ""deep learning"" OR ""supervised learning"" OR ""unsupervised learning"" OR ""statistical modeling"" OR ""network analysis""); source_query_reason=Tier 0: anchor and all main topics.; dedupe_key=doi:10.1186/s13195-021-00900-w; duplicate_count=1; in_fetch_duplicate_count=1; topic_main_matches=alzheimers_disease=Alzheimer's disease@title|Alzheimer's@title|dementia@title|Alzheimer disease@title|mild cognitive impairment@title, computational_methods=machine learning@title",yes,yes,,include,"Matched include term(s): Alzheimer's disease, machine learning, data analysis, Alzheimer disease, Alzheimer's, dementia, cognitive decline, mild cognitive impairment, prodromal Alzheimer's disease, preclinical Alzheimer's disease, dementia-related cognitive impairment, deep learning, network analysis, Parkinson's disease, clinical methods",Alzheimer's disease; machine learning; data analysis; Alzheimer disease; Alzheimer's; dementia; cognitive decline; mild cognitive impairment; prodromal Alzheimer's disease; preclinical Alzheimer's disease; dementia-related cognitive impairment; deep learning; network analysis; Parkinson's disease; clinical methods,,pdf_text_extracted,provider_metadata,/Users/mariehensche/.cache/ad_lit_pipeline/full_text/texts/10_1186_s13195_021_00900_w_4c1da8852c111200.txt,115534,,
10_1109_access_2021_3090474,DEMNET: A Deep Learning Model for Early Diagnosis of Alzheimer Diseases and Dementia From MR Images,2021,10.1109/access.2021.3090474,"Alzheimer's Disease (AD) is the most common cause of dementia globally. It steadily worsens from mild to severe, impairing one's ability to complete any work without assistance. It begins to outstrip due to the population ages and diagnosis timeline. For classifying cases, existing approaches incorporate medical history, neuropsychological testing, and Magnetic Resonance Imaging (MRI), but efficient procedures remain inconsistent due to lack of sensitivity and precision. The Convolutional Neural Network (CNN) is utilized to create a framework that can be used to detect specific Alzheimer's disease characteristics from MRI images. By considering four stages of dementia and conducting a particular diagnosis, the proposed model generates high-resolution disease probability maps from the local brain structure to a multilayer perceptron and provides accurate, intuitive visualizations of individual Alzheimer's disease risk. To avoid the problem of class imbalance, the samples should be evenly distributed among the classes. The obtained MRI image dataset from Kaggle has a major class imbalance problem. A DEMentia NETwork (DEMNET) is proposed to detect the dementia stages from MRI. The DEMNET achieves an accuracy of 95.23%, Area Under Curve (AUC) of 97% and Cohen's Kappa value of 0.93 from the Kaggle dataset, which is superior to existing methods. We also used the Alzheimer's Disease Neuroimaging Initiative (ADNI) dataset to predict AD classes in order to assess the efficacy of the proposed model.",Suriya Murugan; Chandran Venkatesan; M. G. Sumithra; Xiao‐Zhi Gao; B. Elakkiya; M. Akila; S. Manoharan,IEEE Access,https://doi.org/10.1109/access.2021.3090474,collected:openalex,,verified,openalex_open_access,,pdf,2026-06-17T19:18:31.044809+00:00,application/pdf,,yes,,"provider=openalex; provider_id=https://openalex.org/W3173195087; source_rank=9; retrieval_date=2026-06-17; screening_confidence=high; screening_reason=Deterministic title-strict tier-0 retrieval match: anchor and all main topics matched in the title.; screening_status=deterministic_include; title_anchor_present=yes; title_relevance_tier=0; title_matched_main_topics=alzheimers_disease; computational_methods; source_query=(""Alzheimer's disease"" OR AD OR ""prodromal Alzheimer's disease"" OR ""preclinical Alzheimer's disease"" OR ""mild cognitive impairment"" OR ""Alzheimer disease"" OR dementia OR ""cognitive decline"" OR MCI OR ""dementia-related cognitive impairment"") AND (""computational biology"" OR bioinformatics OR ""bioinformatics analysis"" OR ""machine learning"" OR AI OR ML OR ""artificial intelligence"" OR ""deep learning"" OR ""supervised learning"" OR ""unsupervised learning"" OR ""statistical modeling"" OR ""network analysis""); source_query_reason=Tier 0: anchor and all main topics.; dedupe_key=doi:10.1109/access.2021.3090474; duplicate_count=1; in_fetch_duplicate_count=1; topic_main_matches=alzheimers_disease=dementia@title|Alzheimer disease@title, computational_methods=deep learning@title",yes,yes,,include,"Matched include term(s): Alzheimer's disease, AD, Alzheimer disease, Alzheimer's, dementia, prodromal Alzheimer's disease, preclinical Alzheimer's disease, deep learning, Parkinson's disease",Alzheimer's disease; AD; Alzheimer disease; Alzheimer's; dementia; prodromal Alzheimer's disease; preclinical Alzheimer's disease; deep learning; Parkinson's disease,,extraction_failed,,,0,provider_metadata https://ieeexplore.ieee.org/ielx7/6287639/9312710/09459692.pdf: HTTPError: HTTP Error 502: Bad Gateway | provider_metadata https://doi.org/10.1109/access.2021.3090474: ValueError: Extracted text too short for full-text tagging (0 chars) from https://ieeexplore.ieee.org/document/9459692/ | unpaywall https://doaj.org/article/e336c6e0dec142fca5212ccd45e938c1: HTTPError: HTTP Error 403: Forbidden | core https://core.ac.uk/works/163032830: TimeoutError: The read operation timed out,https://scholar.google.com/scholar?q=10.1109/access.2021.3090474
10_1186_1471_2202_10_101,Functional neural network analysis in frontotemporal dementia and Alzheimer's disease using EEG and graph theory,2009,10.1186/1471-2202-10-101,"BACKGROUND: Although a large body of knowledge about both brain structure and function has been gathered over the last decades, we still have a poor understanding of their exact relationship. Graph theory provides a method to study the relation between network structure and function, and its application to neuroscientific data is an emerging research field. We investigated topological changes in large-scale functional brain networks in patients with Alzheimer's disease (AD) and frontotemporal lobar degeneration (FTLD) by means of graph theoretical analysis of resting-state EEG recordings. EEGs of 20 patients with mild to moderate AD, 15 FTLD patients, and 23 non-demented individuals were recorded in an eyes-closed resting-state. The synchronization likelihood (SL), a measure of functional connectivity, was calculated for each sensor pair in 0.5-4 Hz, 4-8 Hz, 8-10 Hz, 10-13 Hz, 13-30 Hz and 30-45 Hz frequency bands. The resulting connectivity matrices were converted to unweighted graphs, whose structure was characterized with several measures: mean clustering coefficient (local connectivity), characteristic path length (global connectivity) and degree correlation (network 'assortativity'). All results were normalized for network size and compared with random control networks. RESULTS: In AD, the clustering coefficient decreased in the lower alpha and beta bands (p < 0.001), and the characteristic path length decreased in the lower alpha and gamma bands (p < 0.05) compared to controls. In FTLD no significant differences with controls were found in these measures. The degree correlation decreased in both alpha bands in AD compared to controls (p < 0.05), but increased in the FTLD lower alpha band compared with controls (p < 0.01). CONCLUSION: With decreasing local and global connectivity parameters, the large-scale functional brain network organization in AD deviates from the optimal 'small-world' network structure towards a more 'random' type. This is associated with less efficient information exchange between brain areas, supporting the disconnection hypothesis of AD. Surprisingly, FTLD patients show changes in the opposite direction, towards a (perhaps excessively) more 'ordered' network structure, possibly reflecting a different underlying pathophysiological process.",Willem de Haan; Yolande A.L. Pijnenburg; R.L.M. Strijers; Yolande van der Made; Wiesje M. van der Flier; Philip Scheltens; Cornelis J. Stam,BMC Neuroscience,https://doi.org/10.1186/1471-2202-10-101,collected:openalex,,verified,openalex_open_access,https://link.springer.com/content/pdf/10.1186/1471-2202-10-101.pdf?error=cookies_not_supported&code=bebc92cf-389a-410d-8922-4b4127dc58df,pdf,2026-06-17T19:18:31.044898+00:00,application/pdf,,yes,,"provider=openalex; provider_id=https://openalex.org/W2117995966; source_rank=10; retrieval_date=2026-06-17; screening_confidence=high; screening_reason=Deterministic title-strict tier-0 retrieval match: anchor and all main topics matched in the title.; screening_status=deterministic_include; title_anchor_present=yes; title_relevance_tier=0; title_matched_main_topics=alzheimers_disease; computational_methods; source_query=(""Alzheimer's disease"" OR AD OR ""prodromal Alzheimer's disease"" OR ""preclinical Alzheimer's disease"" OR ""mild cognitive impairment"" OR ""Alzheimer disease"" OR dementia OR ""cognitive decline"" OR MCI OR ""dementia-related cognitive impairment"") AND (""computational biology"" OR bioinformatics OR ""bioinformatics analysis"" OR ""machine learning"" OR AI OR ML OR ""artificial intelligence"" OR ""deep learning"" OR ""supervised learning"" OR ""unsupervised learning"" OR ""statistical modeling"" OR ""network analysis""); source_query_reason=Tier 0: anchor and all main topics.; dedupe_key=doi:10.1186/1471-2202-10-101; duplicate_count=1; in_fetch_duplicate_count=1; topic_main_matches=alzheimers_disease=Alzheimer's disease@title|Alzheimer's@title|dementia@title|Alzheimer disease@title, computational_methods=network analysis@title",yes,yes,,include,"Matched include term(s): Alzheimer's disease, data analysis, AD, Alzheimer disease, Alzheimer's, dementia, prodromal Alzheimer's disease, preclinical Alzheimer's disease, supervised learning, network analysis, Parkinson's disease",Alzheimer's disease; data analysis; AD; Alzheimer disease; Alzheimer's; dementia; prodromal Alzheimer's disease; preclinical Alzheimer's disease; supervised learning; network analysis; Parkinson's disease,,pdf_text_extracted,provider_metadata,/Users/mariehensche/.cache/ad_lit_pipeline/full_text/texts/10_1186_1471_2202_10_101_f1a8b5c6a7144ccd.txt,49958,,
10_1016_j_neuroimage_2014_10_002,Machine learning framework for early MRI-based Alzheimer's conversion prediction in MCI subjects,2014,10.1016/j.neuroimage.2014.10.002,,Elaheh Moradi; Antonietta Pepe; Christian Gaser; Heikki Huttunen; Jussi Tohka,NeuroImage,https://doi.org/10.1016/j.neuroimage.2014.10.002,collected:openalex,,verified,openalex_primary_location,,landing_page,2026-06-17T19:18:32.467373+00:00,text/html;charset=UTF-8,,no,,"provider=openalex; provider_id=https://openalex.org/W2093602450; source_rank=11; retrieval_date=2026-06-17; screening_confidence=high; screening_reason=Deterministic title-strict tier-0 retrieval match: anchor and all main topics matched in the title.; screening_status=deterministic_include; title_anchor_present=yes; title_relevance_tier=0; title_matched_main_topics=alzheimers_disease; computational_methods; source_query=(""Alzheimer's disease"" OR AD OR ""prodromal Alzheimer's disease"" OR ""preclinical Alzheimer's disease"" OR ""mild cognitive impairment"" OR ""Alzheimer disease"" OR dementia OR ""cognitive decline"" OR MCI OR ""dementia-related cognitive impairment"") AND (""computational biology"" OR bioinformatics OR ""bioinformatics analysis"" OR ""machine learning"" OR AI OR ML OR ""artificial intelligence"" OR ""deep learning"" OR ""supervised learning"" OR ""unsupervised learning"" OR ""statistical modeling"" OR ""network analysis""); source_query_reason=Tier 0: anchor and all main topics.; dedupe_key=doi:10.1016/j.neuroimage.2014.10.002; duplicate_count=1; in_fetch_duplicate_count=1; topic_main_matches=alzheimers_disease=Alzheimer's@title|MCI@title, computational_methods=machine learning@title",no,yes,missing_abstract,include,"Matched include term(s): Alzheimer's disease, machine learning, Alzheimer's, mild cognitive impairment, MCI, prodromal Alzheimer's disease, preclinical Alzheimer's disease",Alzheimer's disease; machine learning; Alzheimer's; mild cognitive impairment; MCI; prodromal Alzheimer's disease; preclinical Alzheimer's disease,,extraction_failed,,,0,provider_metadata https://linkinghub.elsevier.com/retrieve/pii/S1053811914008131: ValueError: Extracted text too short for full-text tagging (11 chars) from https://linkinghub.elsevier.com/retrieve/pii/S1053811914008131 | provider_metadata https://doi.org/10.1016/j.neuroimage.2014.10.002: ValueError: Extracted text too short for full-text tagging (11 chars) from https://linkinghub.elsevier.com/retrieve/pii/S1053811914008131 | europe_pmc https://europepmc.org/articles/PMC5957071?pdf=render: HTTPError: HTTP Error 500:  | core https://escholarship.org/content/qt9cq049ds/qt9cq049ds.pdf: HTTPError: HTTP Error 403: Forbidden | core https://core.ac.uk/works/151391767: TimeoutError: The read operation timed out,https://scholar.google.com/scholar?q=10.1016/j.neuroimage.2014.10.002
10_1148_radiol_10100734,"Classification of Alzheimer Disease, Mild Cognitive Impairment, and Normal Cognitive Status with Large-Scale Network Analysis Based on Resting-State Functional MR Imaging",2011,10.1148/radiol.10100734,"PURPOSE: To use large-scale network (LSN) analysis to classify subjects with Alzheimer disease (AD), those with amnestic mild cognitive impairment (aMCI), and cognitively normal (CN) subjects. MATERIALS AND METHODS: The study was conducted with institutional review board approval and was in compliance with HIPAA regulations. Written informed consent was obtained from each participant. Resting-state functional magnetic resonance (MR) imaging was used to acquire the voxelwise time series in 55 subjects with clinically diagnosed AD (n = 20), aMCI (n =15), and normal cognitive function (n = 20). The brains were divided into 116 regions of interest (ROIs). The Pearson product moment correlation coefficients of pairwise ROIs were used to classify these subjects. Error estimation of the classifications was performed with the leave-one-out cross-validation method. Linear regression analysis was performed to analyze the relationship between changes in network connectivity strengths and behavioral scores. RESULTS: The area under the receiver operating characteristic curve (AUC) yielded 87% classification power, 85% sensitivity, and 80% specificity between the AD group and the non-AD group (subjects with aMCI and CN subjects) in the first-step classification. For differentiation between subjects with aMCI and CN subjects, AUC was 95%; sensitivity, 93%; and specificity, 90%. The decreased network indexes were significantly correlated with the Mini-Mental State Examination score in all tested subjects. Similarly, changes in network indexes significantly correlated with Rey Auditory Verbal Leaning Test delayed recall scores in subjects with aMCI and CN subjects. CONCLUSION: LSN analysis revealed that interconnectivity patterns of brain regions can be used to classify subjects with AD, those with aMCI, and CN subjects. In addition, the altered connectivity networks were significantly correlated with the results of cognitive tests.",Gang Chen; B. Douglas Ward; Chunming Xie; Wenjun Li; Zhilin Wu; Jennifer Jones; Malgorzata Franczak; Piero Antuono; Shi-Jiang Li,Radiology,https://doi.org/10.1148/radiol.10100734,collected:openalex,,verified,openalex_open_access,https://pmc.ncbi.nlm.nih.gov/articles/PMC3064820/,landing_page,2026-06-17T19:18:31.044974+00:00,text/html; charset=utf-8,,yes,,"provider=openalex; provider_id=https://openalex.org/W2030637554; source_rank=12; retrieval_date=2026-06-17; screening_confidence=high; screening_reason=Deterministic title-strict tier-0 retrieval match: anchor and all main topics matched in the title.; screening_status=deterministic_include; title_anchor_present=yes; title_relevance_tier=0; title_matched_main_topics=alzheimers_disease; computational_methods; source_query=(""Alzheimer's disease"" OR AD OR ""prodromal Alzheimer's disease"" OR ""preclinical Alzheimer's disease"" OR ""mild cognitive impairment"" OR ""Alzheimer disease"" OR dementia OR ""cognitive decline"" OR MCI OR ""dementia-related cognitive impairment"") AND (""computational biology"" OR bioinformatics OR ""bioinformatics analysis"" OR ""machine learning"" OR AI OR ML OR ""artificial intelligence"" OR ""deep learning"" OR ""supervised learning"" OR ""unsupervised learning"" OR ""statistical modeling"" OR ""network analysis""); source_query_reason=Tier 0: anchor and all main topics.; dedupe_key=doi:10.1148/radiol.10100734; duplicate_count=1; in_fetch_duplicate_count=1; topic_main_matches=alzheimers_disease=Alzheimer disease@title|mild cognitive impairment@title, computational_methods=network analysis@title",yes,yes,,include,"Matched include term(s): Alzheimer's disease, AD, Alzheimer disease, mild cognitive impairment, prodromal Alzheimer's disease, preclinical Alzheimer's disease, dementia-related cognitive impairment, network analysis",Alzheimer's disease; AD; Alzheimer disease; mild cognitive impairment; prodromal Alzheimer's disease; preclinical Alzheimer's disease; dementia-related cognitive impairment; network analysis,,html_text_extracted,provider_metadata,/Users/mariehensche/.cache/ad_lit_pipeline/full_text/texts/10_1148_radiol_10100734_19c26975eda82f2f.txt,52783,,
10_1111_jon_12214,Predicting Prodromal Alzheimer's Disease in Subjects with Mild Cognitive Impairment Using Machine Learning Classification of Multimodal Multicenter Diffusion‐Tensor and Magnetic Resonance Imaging Data,2015,10.1111/jon.12214,"BACKGROUND: Alzheimer's disease (AD) patients show early changes in white matter (WM) structural integrity. We studied the use of diffusion tensor imaging (DTI) in assessing WM alterations in the predementia stage of mild cognitive impairment (MCI). METHODS: We applied a Support Vector Machine (SVM) classifier to DTI and volumetric magnetic resonance imaging data from 35 amyloid-β42 negative MCI subjects (MCI-Aβ42-), 35 positive MCI subjects (MCI-Aβ42+), and 25 healthy controls (HC) retrieved from the European DTI Study on Dementia. The SVM was applied to DTI-derived fractional anisotropy, mean diffusivity (MD), and mode of anisotropy (MO) maps. For comparison, we studied classification based on gray matter (GM) and WM volume. RESULTS: We obtained accuracies of up to 68% for MO and 63% for GM volume when it came to distinguishing between MCI-Aβ42- and MCI-Aβ42+. When it came to separating MCI-Aβ42+ from HC we achieved an accuracy of up to 77% for MD and a significantly lower accuracy of 68% for GM volume. The accuracy of multimodal classification was not higher than the accuracy of the best single modality. CONCLUSIONS: Our results suggest that DTI data provide better prediction accuracy than GM volume in predementia AD.",Martin Dyrba; Frederik Barkhof; Andreas Fellgiebel; Massimo Filippi; Lucrezia Hausner; Karlheinz Hauenstein; Thomas Kirste; Stefan Teipel; the EDSD study group,Journal of Neuroimaging,https://doi.org/10.1111/jon.12214,collected:openalex,,verified,openalex_open_access,https://pure.amsterdamumc.nl/ws/files/160761092/Predicting-prodromal-alzheimers-disease-in-subjects-with-mild-cognitive-impairment-using-machine-learning-classificatio.pdf,pdf,2026-06-17T19:18:31.231282+00:00,application/pdf,,yes,,"provider=openalex; provider_id=https://openalex.org/W1529527003; source_rank=13; retrieval_date=2026-06-17; screening_confidence=high; screening_reason=Deterministic title-strict tier-0 retrieval match: anchor and all main topics matched in the title.; screening_status=deterministic_include; title_anchor_present=yes; title_relevance_tier=0; title_matched_main_topics=alzheimers_disease; computational_methods; source_query=(""Alzheimer's disease"" OR AD OR ""prodromal Alzheimer's disease"" OR ""preclinical Alzheimer's disease"" OR ""mild cognitive impairment"" OR ""Alzheimer disease"" OR dementia OR ""cognitive decline"" OR MCI OR ""dementia-related cognitive impairment"") AND (""computational biology"" OR bioinformatics OR ""bioinformatics analysis"" OR ""machine learning"" OR AI OR ML OR ""artificial intelligence"" OR ""deep learning"" OR ""supervised learning"" OR ""unsupervised learning"" OR ""statistical modeling"" OR ""network analysis""); source_query_reason=Tier 0: anchor and all main topics.; dedupe_key=doi:10.1111/jon.12214; duplicate_count=1; in_fetch_duplicate_count=1; topic_main_matches=alzheimers_disease=Alzheimer's disease@title|Alzheimer's@title|prodromal Alzheimer's disease@title|Alzheimer disease@title|mild cognitive impairment@title, computational_methods=machine learning@title",yes,yes,,include,"Matched include term(s): Alzheimer's disease, machine learning, AD, Alzheimer disease, Alzheimer's, dementia, mild cognitive impairment, MCI, prodromal Alzheimer's disease, preclinical Alzheimer's disease, dementia-related cognitive impairment, Parkinson's disease",Alzheimer's disease; machine learning; AD; Alzheimer disease; Alzheimer's; dementia; mild cognitive impairment; MCI; prodromal Alzheimer's disease; preclinical Alzheimer's disease; dementia-related cognitive impairment; Parkinson's disease,,pdf_text_extracted,provider_metadata,/Users/mariehensche/.cache/ad_lit_pipeline/full_text/texts/10_1111_jon_12214_af8a6303a5c3edab.txt,57973,,
10_1016_j_cmpb_2019_105242,Deep learning to detect Alzheimer's disease from neuroimaging: A systematic literature review,2019,10.1016/j.cmpb.2019.105242,,Amir Ebrahimi Ghahnavieh; Suhuai Luo; Raymond Chiong,Computer Methods and Programs in Biomedicine,https://doi.org/10.1016/j.cmpb.2019.105242,collected:openalex,,verified,openalex_primary_location,,landing_page,2026-06-17T19:18:32.508936+00:00,text/html;charset=UTF-8,,no,,"provider=openalex; provider_id=https://openalex.org/W2990581109; source_rank=14; retrieval_date=2026-06-17; screening_confidence=high; screening_reason=Deterministic title-strict tier-0 retrieval match: anchor and all main topics matched in the title.; screening_status=deterministic_include; title_anchor_present=yes; title_relevance_tier=0; title_matched_main_topics=alzheimers_disease; computational_methods; source_query=(""Alzheimer's disease"" OR AD OR ""prodromal Alzheimer's disease"" OR ""preclinical Alzheimer's disease"" OR ""mild cognitive impairment"" OR ""Alzheimer disease"" OR dementia OR ""cognitive decline"" OR MCI OR ""dementia-related cognitive impairment"") AND (""computational biology"" OR bioinformatics OR ""bioinformatics analysis"" OR ""machine learning"" OR AI OR ML OR ""artificial intelligence"" OR ""deep learning"" OR ""supervised learning"" OR ""unsupervised learning"" OR ""statistical modeling"" OR ""network analysis""); source_query_reason=Tier 0: anchor and all main topics.; dedupe_key=doi:10.1016/j.cmpb.2019.105242; duplicate_count=1; in_fetch_duplicate_count=1; topic_main_matches=alzheimers_disease=Alzheimer's disease@title|Alzheimer's@title|Alzheimer disease@title, computational_methods=neuroimaging@title|deep learning@title",no,yes,missing_abstract,include,"Matched include term(s): Alzheimer's disease, Alzheimer disease, Alzheimer's, prodromal Alzheimer's disease, preclinical Alzheimer's disease, deep learning, Parkinson's disease",Alzheimer's disease; Alzheimer disease; Alzheimer's; prodromal Alzheimer's disease; preclinical Alzheimer's disease; deep learning; Parkinson's disease,,extraction_failed,,,0,provider_metadata https://linkinghub.elsevier.com/retrieve/pii/S0169260719310946: ValueError: Extracted text too short for full-text tagging (11 chars) from https://linkinghub.elsevier.com/retrieve/pii/S0169260719310946 | provider_metadata https://doi.org/10.1016/j.cmpb.2019.105242: ValueError: Extracted text too short for full-text tagging (11 chars) from https://linkinghub.elsevier.com/retrieve/pii/S0169260719310946 | core https://core.ac.uk/works/159457836: TimeoutError: The read operation timed out,https://scholar.google.com/scholar?q=10.1016/j.cmpb.2019.105242
10_1148_radiol_2018180958,A Deep Learning Model to Predict a Diagnosis of Alzheimer Disease by Using <sup>18</sup>F-FDG PET of the Brain,2018,10.1148/radiol.2018180958,"Purpose To develop and validate a deep learning algorithm that predicts the final diagnosis of Alzheimer disease (AD), mild cognitive impairment, or neither at fluorine 18 (18F) fluorodeoxyglucose (FDG) PET of the brain and compare its performance to that of radiologic readers. Materials and Methods Prospective 18F-FDG PET brain images from the Alzheimer’s Disease Neuroimaging Initiative (ADNI) (2109 imaging studies from 2005 to 2017, 1002 patients) and retrospective independent test set (40 imaging studies from 2006 to 2016, 40 patients) were collected. Final clinical diagnosis at follow-up was recorded. Convolutional neural network of InceptionV3 architecture was trained on 90% of ADNI data set and tested on the remaining 10%, as well as the independent test set, with performance compared to radiologic readers. Model was analyzed with sensitivity, specificity, receiver operating characteristic (ROC), saliency map, and t-distributed stochastic neighbor embedding. Results The algorithm achieved area under the ROC curve of 0.98 (95% confidence interval: 0.94, 1.00) when evaluated on predicting the final clinical diagnosis of AD in the independent test set (82% specificity at 100% sensitivity), an average of 75.8 months prior to the final diagnosis, which in ROC space outperformed reader performance (57% [four of seven] sensitivity, 91% [30 of 33] specificity; P < .05). Saliency map demonstrated attention to known areas of interest but with focus on the entire brain. Conclusion By using fluorine 18 fluorodeoxyglucose PET of the brain, a deep learning algorithm developed for early prediction of Alzheimer disease achieved 82% specificity at 100% sensitivity, an average of 75.8 months prior to the final diagnosis. © RSNA, 2018 Online supplemental material is available for this article. See also the editorial by Larvie in this issue.",Yiming Ding; Jae Ho Sohn; Michael Kawczynski; Hari Trivedi; Roy Harnish; Nathaniel W. Jenkins; Dmytro Lituiev; Timothy P. Copeland; Mariam Aboian; Carina Marí Aparici; Spencer C. Behr; Robert R. Flavell; Shih-Ying Huang; Kelly A. Zalocusky; Lorenzo Nardo; Youngho Seo; Randall A. Hawkins; Miguel Hernandez Pampaloni; Dexter Hadley; Benjamin L. Franc,Radiology,https://doi.org/10.1148/radiol.2018180958,collected:openalex,,verified,openalex_open_access,https://adni.loni.usc.edu/wp-content/uploads/2010/09/PET-Tech_Procedures_Manual_v9.5.pdf,landing_page,2026-06-17T19:18:31.496703+00:00,text/html; charset=utf-8,,yes,,"provider=openalex; provider_id=https://openalex.org/W2899635607; source_rank=16; retrieval_date=2026-06-17; screening_confidence=high; screening_reason=Deterministic title-strict tier-0 retrieval match: anchor and all main topics matched in the title.; screening_status=deterministic_include; title_anchor_present=yes; title_relevance_tier=0; title_matched_main_topics=alzheimers_disease; computational_methods; source_query=(""Alzheimer's disease"" OR AD OR ""prodromal Alzheimer's disease"" OR ""preclinical Alzheimer's disease"" OR ""mild cognitive impairment"" OR ""Alzheimer disease"" OR dementia OR ""cognitive decline"" OR MCI OR ""dementia-related cognitive impairment"") AND (""computational biology"" OR bioinformatics OR ""bioinformatics analysis"" OR ""machine learning"" OR AI OR ML OR ""artificial intelligence"" OR ""deep learning"" OR ""supervised learning"" OR ""unsupervised learning"" OR ""statistical modeling"" OR ""network analysis""); source_query_reason=Tier 0: anchor and all main topics.; dedupe_key=doi:10.1148/radiol.2018180958; duplicate_count=1; in_fetch_duplicate_count=1; topic_main_matches=alzheimers_disease=Alzheimer disease@title, computational_methods=deep learning@title",yes,yes,,include,"Matched include term(s): Alzheimer's disease, AD, Alzheimer disease, Alzheimer's, mild cognitive impairment, prodromal Alzheimer's disease, preclinical Alzheimer's disease, dementia-related cognitive impairment, deep learning, Parkinson's disease, clinical methods",Alzheimer's disease; AD; Alzheimer disease; Alzheimer's; mild cognitive impairment; prodromal Alzheimer's disease; preclinical Alzheimer's disease; dementia-related cognitive impairment; deep learning; Parkinson's disease; clinical methods,,landing_pdf_text_extracted,provider_metadata,/Users/mariehensche/.cache/ad_lit_pipeline/full_text/texts/10_1148_radiol_2018180958_bcea5ff43552acf1.txt,55776,,
10_3389_fpubh_2022_853294,Early-Stage Alzheimer's Disease Prediction Using Machine Learning Models,2022,10.3389/fpubh.2022.853294,"Alzheimer's disease (AD) is the leading cause of dementia in older adults. There is currently a lot of interest in applying machine learning to find out metabolic diseases like Alzheimer's and Diabetes that affect a large population of people around the world. Their incidence rates are increasing at an alarming rate every year. In Alzheimer's disease, the brain is affected by neurodegenerative changes. As our aging population increases, more and more individuals, their families, and healthcare will experience diseases that affect memory and functioning. These effects will be profound on the social, financial, and economic fronts. In its early stages, Alzheimer's disease is hard to predict. A treatment given at an early stage of AD is more effective, and it causes fewer minor damage than a treatment done at a later stage. Several techniques such as Decision Tree, Random Forest, Support Vector Machine, Gradient Boosting, and Voting classifiers have been employed to identify the best parameters for Alzheimer's disease prediction. Predictions of Alzheimer's disease are based on Open Access Series of Imaging Studies (OASIS) data, and performance is measured with parameters like Precision, Recall, Accuracy, and F1-score for ML models. The proposed classification scheme can be used by clinicians to make diagnoses of these diseases. It is highly beneficial to lower annual mortality rates of Alzheimer's disease in early diagnosis with these ML algorithms. The proposed work shows better results with the best validation average accuracy of 83% on the test data of AD. This test accuracy score is significantly higher in comparison with existing works.",C. Kavitha; Vinodhini Mani; S. Srividhya; Osamah Ibrahim Khalaf; Carlos Andrés Tavera Romero,Frontiers in Public Health,https://doi.org/10.3389/fpubh.2022.853294,collected:openalex,,verified,openalex_open_access,https://www.frontiersin.org/journals/public-health/articles/10.3389/fpubh.2022.853294/pdf,pdf,2026-06-17T19:18:31.508949+00:00,application/pdf,,yes,,"provider=openalex; provider_id=https://openalex.org/W4214898695; source_rank=17; retrieval_date=2026-06-17; screening_confidence=high; screening_reason=Deterministic title-strict tier-0 retrieval match: anchor and all main topics matched in the title.; screening_status=deterministic_include; title_anchor_present=yes; title_relevance_tier=0; title_matched_main_topics=alzheimers_disease; computational_methods; source_query=(""Alzheimer's disease"" OR AD OR ""prodromal Alzheimer's disease"" OR ""preclinical Alzheimer's disease"" OR ""mild cognitive impairment"" OR ""Alzheimer disease"" OR dementia OR ""cognitive decline"" OR MCI OR ""dementia-related cognitive impairment"") AND (""computational biology"" OR bioinformatics OR ""bioinformatics analysis"" OR ""machine learning"" OR AI OR ML OR ""artificial intelligence"" OR ""deep learning"" OR ""supervised learning"" OR ""unsupervised learning"" OR ""statistical modeling"" OR ""network analysis""); source_query_reason=Tier 0: anchor and all main topics.; dedupe_key=doi:10.3389/fpubh.2022.853294; duplicate_count=1; in_fetch_duplicate_count=1; topic_main_matches=alzheimers_disease=Alzheimer's disease@title|Alzheimer's@title|Alzheimer disease@title, computational_methods=machine learning@title",yes,yes,,include,"Matched include term(s): Alzheimer's disease, machine learning, AD, Alzheimer disease, Alzheimer's, dementia, prodromal Alzheimer's disease, preclinical Alzheimer's disease, ML, Parkinson's disease",Alzheimer's disease; machine learning; AD; Alzheimer disease; Alzheimer's; dementia; prodromal Alzheimer's disease; preclinical Alzheimer's disease; ML; Parkinson's disease,,pdf_text_extracted,provider_metadata,/Users/mariehensche/.cache/ad_lit_pipeline/full_text/texts/10_3389_fpubh_2022_853294_a088410121176826.txt,41220,,
10_1016_j_jalz_2019_02_007,A deep learning model for early prediction of Alzheimer's disease dementia based on hippocampal magnetic resonance imaging data,2019,10.1016/j.jalz.2019.02.007,"INTRODUCTION: It is challenging at baseline to predict when and which individuals who meet criteria for mild cognitive impairment (MCI) will ultimately progress to Alzheimer's disease (AD) dementia. METHODS: A deep learning method is developed and validated based on magnetic resonance imaging scans of 2146 subjects (803 for training and 1343 for validation) to predict MCI subjects' progression to AD dementia in a time-to-event analysis setting. RESULTS: The deep-learning time-to-event model predicted individual subjects' progression to AD dementia with a concordance index of 0.762 on 439 Alzheimer's Disease Neuroimaging Initiative testing MCI subjects with follow-up duration from 6 to 78 months (quartiles: [24, 42, 54]) and a concordance index of 0.781 on 40 Australian Imaging Biomarkers and Lifestyle Study of Aging testing MCI subjects with follow-up duration from 18 to 54 months (quartiles: [18, 36, 54]). The predicted progression risk also clustered individual subjects into subgroups with significant differences in their progression time to AD dementia (P < .0002). Improved performance for predicting progression to AD dementia (concordance index = 0.864) was obtained when the deep learning-based progression risk was combined with baseline clinical measures. DISCUSSION: Our method provides a cost effective and accurate means for prognosis and potentially to facilitate enrollment in clinical trials with individuals likely to progress within a specific temporal period.",Hongming Li; Mohamad Habes; David A. Wolk; Yong Fan; Alzheimer's Disease Neuroimaging Initiative and the Australian Imaging Biomarkers and Lifestyle Study of Aging,Alzheimer s & Dementia,https://doi.org/10.1016/j.jalz.2019.02.007,collected:openalex,,verified,openalex_open_access,https://adni.loni.usc.edu/wp-content/uploads/how_to_apply/ADNI_Acknowledgement_List.pdf,landing_page,2026-06-17T19:18:31.532296+00:00,text/html; charset=utf-8,,yes,,"provider=openalex; provider_id=https://openalex.org/W2949185485; source_rank=18; retrieval_date=2026-06-17; screening_confidence=high; screening_reason=Deterministic title-strict tier-0 retrieval match: anchor and all main topics matched in the title.; screening_status=deterministic_include; title_anchor_present=yes; title_relevance_tier=0; title_matched_main_topics=alzheimers_disease; computational_methods; source_query=(""Alzheimer's disease"" OR AD OR ""prodromal Alzheimer's disease"" OR ""preclinical Alzheimer's disease"" OR ""mild cognitive impairment"" OR ""Alzheimer disease"" OR dementia OR ""cognitive decline"" OR MCI OR ""dementia-related cognitive impairment"") AND (""computational biology"" OR bioinformatics OR ""bioinformatics analysis"" OR ""machine learning"" OR AI OR ML OR ""artificial intelligence"" OR ""deep learning"" OR ""supervised learning"" OR ""unsupervised learning"" OR ""statistical modeling"" OR ""network analysis""); source_query_reason=Tier 0: anchor and all main topics.; dedupe_key=doi:10.1016/j.jalz.2019.02.007; duplicate_count=1; in_fetch_duplicate_count=1; topic_main_matches=alzheimers_disease=Alzheimer's disease@title|Alzheimer's@title|dementia@title|Alzheimer disease@title, computational_methods=deep learning@title",yes,yes,,include,"Matched include term(s): Alzheimer's disease, data analysis, AD, Alzheimer disease, Alzheimer's, dementia, mild cognitive impairment, MCI, prodromal Alzheimer's disease, preclinical Alzheimer's disease, dementia-related cognitive impairment, deep learning, Parkinson's disease, biomarkers for Parkinson's, clinical methods",Alzheimer's disease; data analysis; AD; Alzheimer disease; Alzheimer's; dementia; mild cognitive impairment; MCI; prodromal Alzheimer's disease; preclinical Alzheimer's disease; dementia-related cognitive impairment; deep learning; Parkinson's disease; biomarkers for Parkinson's; clinical methods,,landing_pdf_text_extracted,provider_metadata,/Users/mariehensche/.cache/ad_lit_pipeline/full_text/texts/10_1016_j_jalz_2019_02_007_bcf525ca495d1f85.txt,28508,,
10_1016_j_bspc_2021_103293,"Machine learning techniques for diagnosis of alzheimer disease, mild cognitive disorder, and other types of dementia",2021,10.1016/j.bspc.2021.103293,,Golrokh Mirzaei; Hojjat Adeli,Biomedical Signal Processing and Control,https://doi.org/10.1016/j.bspc.2021.103293,collected:openalex,,verified,openalex_primary_location,,landing_page,2026-06-17T19:18:32.561393+00:00,text/html;charset=UTF-8,,no,,"provider=openalex; provider_id=https://openalex.org/W3212684309; source_rank=19; retrieval_date=2026-06-17; screening_confidence=high; screening_reason=Deterministic title-strict tier-0 retrieval match: anchor and all main topics matched in the title.; screening_status=deterministic_include; title_anchor_present=yes; title_relevance_tier=0; title_matched_main_topics=alzheimers_disease; computational_methods; source_query=(""Alzheimer's disease"" OR AD OR ""prodromal Alzheimer's disease"" OR ""preclinical Alzheimer's disease"" OR ""mild cognitive impairment"" OR ""Alzheimer disease"" OR dementia OR ""cognitive decline"" OR MCI OR ""dementia-related cognitive impairment"") AND (""computational biology"" OR bioinformatics OR ""bioinformatics analysis"" OR ""machine learning"" OR AI OR ML OR ""artificial intelligence"" OR ""deep learning"" OR ""supervised learning"" OR ""unsupervised learning"" OR ""statistical modeling"" OR ""network analysis""); source_query_reason=Tier 0: anchor and all main topics.; dedupe_key=doi:10.1016/j.bspc.2021.103293; duplicate_count=1; in_fetch_duplicate_count=1; topic_main_matches=alzheimers_disease=dementia@title|Alzheimer disease@title, computational_methods=machine learning@title",no,yes,missing_abstract,include,"Matched include term(s): Alzheimer's disease, machine learning, Alzheimer disease, dementia, mild cognitive impairment, prodromal Alzheimer's disease, preclinical Alzheimer's disease, dementia-related cognitive impairment",Alzheimer's disease; machine learning; Alzheimer disease; dementia; mild cognitive impairment; prodromal Alzheimer's disease; preclinical Alzheimer's disease; dementia-related cognitive impairment,,extraction_failed,,,0,provider_metadata https://linkinghub.elsevier.com/retrieve/pii/S1746809421008909: ValueError: Extracted text too short for full-text tagging (11 chars) from https://linkinghub.elsevier.com/retrieve/pii/S1746809421008909 | provider_metadata https://doi.org/10.1016/j.bspc.2021.103293: ValueError: Extracted text too short for full-text tagging (11 chars) from https://linkinghub.elsevier.com/retrieve/pii/S1746809421008909,https://scholar.google.com/scholar?q=10.1016/j.bspc.2021.103293
10_1002_alz_13390,Artificial intelligence for biomarker discovery in Alzheimer's disease and dementia,2023,10.1002/alz.13390,"With the increase in large multimodal cohorts and high-throughput technologies, the potential for discovering novel biomarkers is no longer limited by data set size. Artificial intelligence (AI) and machine learning approaches have been developed to detect novel biomarkers and interactions in complex data sets. We discuss exemplar uses and evaluate current applications and limitations of AI to discover novel biomarkers. Remaining challenges include a lack of diversity in the data sets available, the sheer complexity of investigating interactions, the invasiveness and cost of some biomarkers, and poor reporting in some studies. Overcoming these challenges will involve collecting data from underrepresented populations, developing more powerful AI approaches, validating the use of noninvasive biomarkers, and adhering to reporting guidelines. By harnessing rich multimodal data through AI approaches and international collaborative innovation, we are well positioned to identify clinically useful biomarkers that are accurate, generalizable, unbiased, and acceptable in clinical practice. HIGHLIGHTS: Artificial intelligence and machine learning approaches may accelerate dementia biomarker discovery. Remaining challenges include data set suitability due to size and bias in cohort selection. Multimodal data, diverse data sets, improved machine learning approaches, real-world validation, and interdisciplinary collaboration are required.",Laura Winchester; Eric L. Harshfield; Shi Liu; AmanPreet Badhwar; Ahmad Al Khleifat; Natasha Clarke; Amir Dehsarvi; Imre Lengyel; Ilianna Lourida; Christopher R. Madan; Sarah J. Marzi; Petroula Proitsi; Anto P. Rajkumar; Timothy Rittman; Edina Silajdžić; Stefano Tamburin; Janice M. Ranson; David J. Llewellyn,Alzheimer s & Dementia,https://doi.org/10.1002/alz.13390,collected:openalex,,verified,openalex_open_access,https://pure.qub.ac.uk/en/publications/artificial-intelligence-for-biomarker-discovery-in-alzheimers-dis/,pdf,2026-06-17T19:18:31.806085+00:00,text/html;charset=UTF-8,cc-by,yes,,"provider=openalex; provider_id=https://openalex.org/W4386347024; source_rank=20; retrieval_date=2026-06-17; screening_confidence=high; screening_reason=Deterministic title-strict tier-0 retrieval match: anchor and all main topics matched in the title.; screening_status=deterministic_include; title_anchor_present=yes; title_relevance_tier=0; title_matched_main_topics=alzheimers_disease; computational_methods; source_query=(""Alzheimer's disease"" OR AD OR ""prodromal Alzheimer's disease"" OR ""preclinical Alzheimer's disease"" OR ""mild cognitive impairment"" OR ""Alzheimer disease"" OR dementia OR ""cognitive decline"" OR MCI OR ""dementia-related cognitive impairment"") AND (""computational biology"" OR bioinformatics OR ""bioinformatics analysis"" OR ""machine learning"" OR AI OR ML OR ""artificial intelligence"" OR ""deep learning"" OR ""supervised learning"" OR ""unsupervised learning"" OR ""statistical modeling"" OR ""network analysis""); source_query_reason=Tier 0: anchor and all main topics.; dedupe_key=doi:10.1002/alz.13390; duplicate_count=1; in_fetch_duplicate_count=1; topic_main_matches=alzheimers_disease=Alzheimer's disease@title|Alzheimer's@title|dementia@title|Alzheimer disease@title, computational_methods=artificial intelligence@title",yes,yes,,include,"Matched include term(s): Alzheimer's disease, machine learning, Alzheimer disease, Alzheimer's, dementia, prodromal Alzheimer's disease, preclinical Alzheimer's disease, artificial intelligence, AI, Parkinson's disease, biomarkers for Parkinson's",Alzheimer's disease; machine learning; Alzheimer disease; Alzheimer's; dementia; prodromal Alzheimer's disease; preclinical Alzheimer's disease; artificial intelligence; AI; Parkinson's disease; biomarkers for Parkinson's,,html_text_extracted,unpaywall,/Users/mariehensche/.cache/ad_lit_pipeline/full_text/texts/10_1002_alz_13390_092b37965654fdf4.txt,17630,,
10_1148_radiol_2016152703,Application of Machine Learning to Arterial Spin Labeling in Mild Cognitive Impairment and Alzheimer Disease,2016,10.1148/radiol.2016152703,"Purpose To investigate whether multivariate pattern recognition analysis of arterial spin labeling (ASL) perfusion maps can be used for classification and single-subject prediction of patients with Alzheimer disease (AD) and mild cognitive impairment (MCI) and subjects with subjective cognitive decline (SCD) after using the W score method to remove confounding effects of sex and age. Materials and Methods Pseudocontinuous 3.0-T ASL images were acquired in 100 patients with probable AD; 60 patients with MCI, of whom 12 remained stable, 12 were converted to a diagnosis of AD, and 36 had no follow-up; 100 subjects with SCD; and 26 healthy control subjects. The AD, MCI, and SCD groups were divided into a sex- and age-matched training set (n = 130) and an independent prediction set (n = 130). Standardized perfusion scores adjusted for age and sex (W scores) were computed per voxel for each participant. Training of a support vector machine classifier was performed with diagnostic status and perfusion maps. Discrimination maps were extracted and used for single-subject classification in the prediction set. Prediction performance was assessed with receiver operating characteristic (ROC) analysis to generate an area under the ROC curve (AUC) and sensitivity and specificity distribution. Results Single-subject diagnosis in the prediction set by using the discrimination maps yielded excellent performance for AD versus SCD (AUC, 0.96; P < .01), good performance for AD versus MCI (AUC, 0.89; P < .01), and poor performance for MCI versus SCD (AUC, 0.63; P = .06). Application of the AD versus SCD discrimination map for prediction of MCI subgroups resulted in good performance for patients with MCI diagnosis converted to AD versus subjects with SCD (AUC, 0.84; P < .01) and fair performance for patients with MCI diagnosis converted to AD versus those with stable MCI (AUC, 0.71; P > .05). Conclusion With automated methods, age- and sex-adjusted ASL perfusion maps can be used to classify and predict diagnosis of AD, conversion of MCI to AD, stable MCI, and SCD with good to excellent accuracy and AUC values. © RSNA, 2016",Lyduine E. Collij; Fiona Heeman; Joost P.A. Kuijer; Rik Ossenkoppele; Marije R. Benedictus; Christiane Möller; Sander C.J. Verfaillie; Ernesto Sanz‐Arigita; Bart N.M. van Berckel; Wiesje M. van der Flier; Philip Scheltens; Frederik Barkhof; Alle Meije Wink,Radiology,https://doi.org/10.1148/radiol.2016152703,collected:openalex,,verified,openalex_open_access,https://discovery.ucl.ac.uk/id/eprint/10048916/1/Barkhof_Collij%20-%20Application%20of%20Machine%20Learning%20to%20ASL%20in%20MCI%20and%20AD%20-%20Radiology%20accepted.pdf,pdf,2026-06-17T19:18:41.558903+00:00,application/pdf,,yes,,"provider=openalex; provider_id=https://openalex.org/W2466438457; source_rank=21; retrieval_date=2026-06-17; screening_confidence=high; screening_reason=Deterministic title-strict tier-0 retrieval match: anchor and all main topics matched in the title.; screening_status=deterministic_include; title_anchor_present=yes; title_relevance_tier=0; title_matched_main_topics=alzheimers_disease; computational_methods; source_query=(""Alzheimer's disease"" OR AD OR ""prodromal Alzheimer's disease"" OR ""preclinical Alzheimer's disease"" OR ""mild cognitive impairment"" OR ""Alzheimer disease"" OR dementia OR ""cognitive decline"" OR MCI OR ""dementia-related cognitive impairment"") AND (""computational biology"" OR bioinformatics OR ""bioinformatics analysis"" OR ""machine learning"" OR AI OR ML OR ""artificial intelligence"" OR ""deep learning"" OR ""supervised learning"" OR ""unsupervised learning"" OR ""statistical modeling"" OR ""network analysis""); source_query_reason=Tier 0: anchor and all main topics.; dedupe_key=doi:10.1148/radiol.2016152703; duplicate_count=1; in_fetch_duplicate_count=1; topic_main_matches=alzheimers_disease=Alzheimer disease@title|mild cognitive impairment@title, computational_methods=machine learning@title",yes,yes,,include,"Matched include term(s): Alzheimer's disease, machine learning, AD, Alzheimer disease, cognitive decline, mild cognitive impairment, MCI, prodromal Alzheimer's disease, preclinical Alzheimer's disease, dementia-related cognitive impairment, diagnostic methods",Alzheimer's disease; machine learning; AD; Alzheimer disease; cognitive decline; mild cognitive impairment; MCI; prodromal Alzheimer's disease; preclinical Alzheimer's disease; dementia-related cognitive impairment; diagnostic methods,,pdf_text_extracted,provider_metadata,/Users/mariehensche/.cache/ad_lit_pipeline/full_text/texts/10_1148_radiol_2016152703_ea08c57fb5c39924.txt,34965,,
