title,categoric,semantic,paper_id,year,doi,main_topic_category,research_target,study_type,knowledge_confidence,review_status
Microplastics in freshwaters and drinking water: Critical review and assessment of data quality,core_topic,This paper assesses the quality of studies on microplastics in drinking water and discusses the implications for human health.,10_1016_j_watres_2019_02_054,2019,10.1016/j.watres.2019.02.054,core_topic,human_health,review,low,ai_tagged
Microplastics in drinking-water,core_topic,This paper examines the presence of microplastics in drinking water and their potential human health impacts.,10_60810_openumwelt_3831,2019,10.60810/openumwelt-3831,core_topic,human_health,review,medium,ai_tagged
Microplastics in drinking water: A review and assessment,core_topic,This paper reviews the evidence of microplastics in drinking water and assesses their potential implications for human health.,10_1016_j_coesh_2018_12_001,2018,10.1016/j.coesh.2018.12.001,core_topic,human_health,review,medium,ai_tagged
Drinking plastics? – Quantification and qualification of microplastics in drinking water distribution systems by µFTIR and Py-GCMS,core_topic,"This paper assesses the presence and quantification of microplastics in drinking water distribution systems, emphasizing the potential human health risks associated with microplastic exposure.",10_1016_j_watres_2020_116519,2020,10.1016/j.watres.2020.116519,core_topic,human_health,empirical,low,ai_tagged
"Presence of microplastics in drinking water from freshwater sources: the investigation in Changsha, China",core_topic,"The paper investigates the presence and concentration of microplastics in drinking water sourced from freshwater in Changsha, China, highlighting potential risks related to human health.",10_1007_s11356_021_13769_x,2021,10.1007/s11356-021-13769-x,core_topic,human_health,empirical,low,ai_tagged
The occurrence and dietary intake related to the presence of microplastics in drinking water in Saudi Arabia,core_topic,This paper investigates the presence of microplastics in drinking water in Saudi Arabia and evaluates potential dietary intake related to these contaminants.,10_1007_s10661_021_09132_9,2021,10.1007/s10661-021-09132-9,core_topic,human_health,empirical,low,ai_tagged
Low numbers of microplastics detected in drinking water from ground water sources,core_topic,"This paper assesses the prevalence of microplastics in drinking water sourced from groundwater, directly relating to human health.",10_1016_j_scitotenv_2018_08_178,2018,10.1016/j.scitotenv.2018.08.178,core_topic,human_health,empirical,low,ai_tagged
Analysis of microplastics in drinking water and other clean water samples with micro-Raman and micro-infrared spectroscopy: minimum requirements and best practice guidelines,core_topic,This paper provides guidelines for the analysis of microplastics in drinking water using spectroscopic methods to enhance the reliability of testing and facilitate comparability across studies.,10_1007_s00216_021_03498_y,2021,10.1007/s00216-021-03498-y,core_topic,human_health,method,medium,ai_tagged
Microplastics in drinking water? Present state of knowledge and open questions,core_topic,This paper reviews the current state of knowledge regarding microplastics in drinking water and raises open questions related to potential human health risks.,10_1016_j_cofs_2021_02_011,2021,10.1016/j.cofs.2021.02.011,core_topic,human_health,review,low,ai_tagged
Microplastics in drinking water: a macro issue,core_topic,"This paper discusses the prevalence of microplastics in drinking water and their potential adverse effects on human health, along with their contaminant transport ability and removal technologies.",10_2166_ws_2022_189,2022,10.2166/ws.2022.189,core_topic,human_health,unclear,low,ai_tagged
Monitoring microplastics in drinking water: An interlaboratory study to inform effective methods for quantifying and characterizing microplastics,core_topic,"The paper presents an interlaboratory study aimed at informing effective methods for quantifying and characterizing microplastics in drinking water, which is relevant to assessing human health risks.",10_1016_j_chemosphere_2022_134282,2022,10.1016/j.chemosphere.2022.134282,core_topic,human_health,method,very_low,ai_tagged
Conventional and biological treatment for the removal of microplastics from drinking water,core_topic,"The paper addresses the conventional and biological treatment methods for removing microplastics from drinking water, contributing to understanding human health risks associated with microplastics.",10_1016_j_chemosphere_2021_132587,2021,10.1016/j.chemosphere.2021.132587,core_topic,human_health,method,medium,ai_tagged
Occurrence and identification of microplastics in tap water from China,core_topic,"The paper identifies the occurrence of microplastics in tap water from China, contributing to understanding potential human health risks associated with drinking water contamination.",10_1016_j_chemosphere_2020_126493,2020,10.1016/j.chemosphere.2020.126493,core_topic,human_health,empirical,low,ai_tagged
Occurrence of Microplastics in Tap and Bottled Water: Current Knowledge,core_topic,This paper assesses the presence of microplastics in drinking water and discusses their potential human health risks.,10_3390_ijerph19095283,2022,10.3390/ijerph19095283,core_topic,human_health,empirical,medium,ai_tagged
"Occurrence of microplastics in tap and bottled water, and food packaging: A narrative review on current knowledge",core_topic,"This paper provides a narrative review of the presence of microplastics in tap and bottled water, discussing their implications for human health risks.",10_1016_j_scitotenv_2022_161274,2022,10.1016/j.scitotenv.2022.161274,core_topic,human_health,review,low,ai_tagged
"Distribution Characteristics and Influencing Factors of Microplastics in Urban Tap Water and Water Sources in Qingdao, China",core_topic,The study analyzes the distribution and characteristics of microplastics in drinking water and assesses their potential human health risks.,10_1080_00032719_2019_1705476,2019,10.1080/00032719.2019.1705476,core_topic,human_health,empirical,medium,ai_tagged
"Abundance and characteristics of microplastics in freshwater and treated tap water in Bangkok, Thailand",core_topic,"This study assesses the abundance and characteristics of microplastics in freshwater and treated tap water in Bangkok, highlighting potential contamination concerns relevant to human health risks.",10_1007_s10661_021_09012_2,2021,10.1007/s10661-021-09012-2,core_topic,human_health,empirical,low,ai_tagged
A Study of Microplastic Particles in Danish Tap Water,core_topic,The paper investigates the presence of microplastics in Danish drinking water and discusses potential human exposure pathways.,10_3390_w13152097,2021,10.3390/w13152097,core_topic,human_health,empirical,low,ai_tagged
"Microplastics from headwaters to tap water: occurrence and removal in a drinking water treatment plant in Barcelona Metropolitan area (Catalonia, NE Spain)",core_topic,"This paper investigates the occurrence and removal of microplastics in drinking water treatment plants, highlighting potential human health implications.",10_1007_s11356_021_13220_1,2021,10.1007/s11356-021-13220-1,core_topic,human_health,empirical,low,ai_tagged
"Abundance and characteristics of microplastics in drinking water treatment plants, distribution systems, water from refill kiosks, tap waters and bottled waters",core_topic,"The study assesses the abundance and characteristics of microplastics in various drinking water treatment contexts, contributing to the understanding of potential human health risks associated with microplastic exposure.",10_1016_j_scitotenv_2023_163866,2023,10.1016/j.scitotenv.2023.163866,core_topic,human_health,unclear,low,ai_tagged
