paper_id,title,year,doi,provider,provider_id,source_rank,source_query,source_query_reason,retrieval_query_id,retrieval_logical_query_id,retrieval_phase,retrieval_tier,requires_title_screening,local_relevance_tier,screening_decision,screening_confidence,screening_reason,title_anchor_present,title_relevance_tier,title_matched_main_topics,title_matched_secondary_topics,title_missing_main_topics,screening_status,needs_manual_review,llm_error_type,llm_error_message
10_1016_j_media_2020_101694,Convolutional neural networks for classification of Alzheimer's disease: Overview and reproducible evaluation,2020,10.1016/j.media.2020.101694,openalex,https://openalex.org/W3022315685,1,"(""Alzheimer's disease"" OR Alzheimer's OR ""Alzheimer disease"" OR ""prodromal Alzheimer's disease"" OR ""preclinical Alzheimer's disease"" OR ""dementia due to Alzheimer's disease"") AND (""artificial intelligence"" OR AI OR ""machine learning"" OR ""deep learning"" OR ""neural network"" OR ""natural language processing"" OR ""computer vision"" OR ""computational intelligence"")",Tier 0: anchor and all main topics.,tier_0_all_main,tier_0_all_main,field_relaxed,0,false,0,include,high,Deterministic title-strict tier-0 retrieval match: anchor and all main topics matched in the title.,yes,0,alzheimers_disease; artificial_intelligence,,,deterministic_include,no,,
10_3389_fpubh_2022_853294,Early-Stage Alzheimer's Disease Prediction Using Machine Learning Models,2022,10.3389/fpubh.2022.853294,openalex,https://openalex.org/W4214898695,2,"(""Alzheimer's disease"" OR Alzheimer's OR ""Alzheimer disease"" OR ""prodromal Alzheimer's disease"" OR ""preclinical Alzheimer's disease"" OR ""dementia due to Alzheimer's disease"") AND (""artificial intelligence"" OR AI OR ""machine learning"" OR ""deep learning"" OR ""neural network"" OR ""natural language processing"" OR ""computer vision"" OR ""computational intelligence"")",Tier 0: anchor and all main topics.,tier_0_all_main,tier_0_all_main,field_relaxed,0,false,0,include,high,Deterministic title-strict tier-0 retrieval match: anchor and all main topics matched in the title.,yes,0,alzheimers_disease; artificial_intelligence,,,deterministic_include,no,,
10_3389_fncom_2023_1038636,Conventional machine learning and deep learning in Alzheimer's disease diagnosis using neuroimaging: A review,2023,10.3389/fncom.2023.1038636,openalex,https://openalex.org/W4319321475,4,"(""Alzheimer's disease"" OR Alzheimer's OR ""Alzheimer disease"" OR ""prodromal Alzheimer's disease"" OR ""preclinical Alzheimer's disease"" OR ""dementia due to Alzheimer's disease"") AND (""artificial intelligence"" OR AI OR ""machine learning"" OR ""deep learning"" OR ""neural network"" OR ""natural language processing"" OR ""computer vision"" OR ""computational intelligence"")",Tier 0: anchor and all main topics.,tier_0_all_main,tier_0_all_main,field_relaxed,0,false,0,include,high,Deterministic title-strict tier-0 retrieval match: anchor and all main topics matched in the title.,yes,0,alzheimers_disease; artificial_intelligence,,,deterministic_include,no,,
10_1016_j_neuroimage_2020_117203,Predicting Alzheimer's disease progression using deep recurrent neural networks,2020,10.1016/j.neuroimage.2020.117203,openalex,https://openalex.org/W3047286661,5,"(""Alzheimer's disease"" OR Alzheimer's OR ""Alzheimer disease"" OR ""prodromal Alzheimer's disease"" OR ""preclinical Alzheimer's disease"" OR ""dementia due to Alzheimer's disease"") AND (""artificial intelligence"" OR AI OR ""machine learning"" OR ""deep learning"" OR ""neural network"" OR ""natural language processing"" OR ""computer vision"" OR ""computational intelligence"")",Tier 0: anchor and all main topics.,tier_0_all_main,tier_0_all_main,field_relaxed,0,false,0,include,high,Deterministic title-strict tier-0 retrieval match: anchor and all main topics matched in the title.,yes,0,alzheimers_disease; artificial_intelligence,,,deterministic_include,no,,
10_3389_fpubh_2022_834032,Evaluation of Neuro Images for the Diagnosis of Alzheimer's Disease Using Deep Learning Neural Network,2022,10.3389/fpubh.2022.834032,openalex,https://openalex.org/W4210296429,7,"(""Alzheimer's disease"" OR Alzheimer's OR ""Alzheimer disease"" OR ""prodromal Alzheimer's disease"" OR ""preclinical Alzheimer's disease"" OR ""dementia due to Alzheimer's disease"") AND (""artificial intelligence"" OR AI OR ""machine learning"" OR ""deep learning"" OR ""neural network"" OR ""natural language processing"" OR ""computer vision"" OR ""computational intelligence"")",Tier 0: anchor and all main topics.,tier_0_all_main,tier_0_all_main,field_relaxed,0,false,0,include,high,Deterministic title-strict tier-0 retrieval match: anchor and all main topics matched in the title.,yes,0,alzheimers_disease; artificial_intelligence,,,deterministic_include,no,,
10_1002_alz_13390,Artificial intelligence for biomarker discovery in Alzheimer's disease and dementia,2023,10.1002/alz.13390,openalex,https://openalex.org/W4386347024,8,"(""Alzheimer's disease"" OR Alzheimer's OR ""Alzheimer disease"" OR ""prodromal Alzheimer's disease"" OR ""preclinical Alzheimer's disease"" OR ""dementia due to Alzheimer's disease"") AND (""artificial intelligence"" OR AI OR ""machine learning"" OR ""deep learning"" OR ""neural network"" OR ""natural language processing"" OR ""computer vision"" OR ""computational intelligence"")",Tier 0: anchor and all main topics.,tier_0_all_main,tier_0_all_main,field_relaxed,0,false,0,include,high,Deterministic title-strict tier-0 retrieval match: anchor and all main topics matched in the title.,yes,0,alzheimers_disease; artificial_intelligence,,,deterministic_include,no,,
10_1109_access_2021_3090474,DEMNET: A Deep Learning Model for Early Diagnosis of Alzheimer Diseases and Dementia From MR Images,2021,10.1109/access.2021.3090474,openalex,https://openalex.org/W3173195087,9,"(""Alzheimer's disease"" OR Alzheimer's OR ""Alzheimer disease"" OR ""prodromal Alzheimer's disease"" OR ""preclinical Alzheimer's disease"" OR ""dementia due to Alzheimer's disease"") AND (""artificial intelligence"" OR AI OR ""machine learning"" OR ""deep learning"" OR ""neural network"" OR ""natural language processing"" OR ""computer vision"" OR ""computational intelligence"")",Tier 0: anchor and all main topics.,tier_0_all_main,tier_0_all_main,field_relaxed,0,false,0,include,high,Deterministic title-strict tier-0 retrieval match: anchor and all main topics matched in the title.,yes,0,alzheimers_disease; artificial_intelligence,,,deterministic_include,no,,
10_1016_s2589_7500(22)00169_8,"A deep learning model for detection of Alzheimer's disease based on retinal photographs: a retrospective, multicentre case-control study",2022,10.1016/s2589-7500(22)00169-8,openalex,https://openalex.org/W4298127944,11,"(""Alzheimer's disease"" OR Alzheimer's OR ""Alzheimer disease"" OR ""prodromal Alzheimer's disease"" OR ""preclinical Alzheimer's disease"" OR ""dementia due to Alzheimer's disease"") AND (""artificial intelligence"" OR AI OR ""machine learning"" OR ""deep learning"" OR ""neural network"" OR ""natural language processing"" OR ""computer vision"" OR ""computational intelligence"")",Tier 0: anchor and all main topics.,tier_0_all_main,tier_0_all_main,field_relaxed,0,false,0,include,high,Deterministic title-strict tier-0 retrieval match: anchor and all main topics matched in the title.,yes,0,alzheimers_disease; artificial_intelligence,,,deterministic_include,no,,
10_1093_jamia_ocac168,Multimodal Attention-based Deep Learning for Alzheimer's Disease Diagnosis,2022,10.1093/jamia/ocac168,openalex,https://openalex.org/W4296800293,13,"(""Alzheimer's disease"" OR Alzheimer's OR ""Alzheimer disease"" OR ""prodromal Alzheimer's disease"" OR ""preclinical Alzheimer's disease"" OR ""dementia due to Alzheimer's disease"") AND (""artificial intelligence"" OR AI OR ""machine learning"" OR ""deep learning"" OR ""neural network"" OR ""natural language processing"" OR ""computer vision"" OR ""computational intelligence"")",Tier 0: anchor and all main topics.,tier_0_all_main,tier_0_all_main,field_relaxed,0,false,0,include,high,Deterministic title-strict tier-0 retrieval match: anchor and all main topics matched in the title.,yes,0,alzheimers_disease; artificial_intelligence,,,deterministic_include,no,,
10_1016_j_mri_2021_02_001,A 3D densely connected convolution neural network with connection-wise attention mechanism for Alzheimer's disease classification,2021,10.1016/j.mri.2021.02.001,openalex,https://openalex.org/W3131390313,14,"(""Alzheimer's disease"" OR Alzheimer's OR ""Alzheimer disease"" OR ""prodromal Alzheimer's disease"" OR ""preclinical Alzheimer's disease"" OR ""dementia due to Alzheimer's disease"") AND (""artificial intelligence"" OR AI OR ""machine learning"" OR ""deep learning"" OR ""neural network"" OR ""natural language processing"" OR ""computer vision"" OR ""computational intelligence"")",Tier 0: anchor and all main topics.,tier_0_all_main,tier_0_all_main,field_relaxed,0,false,0,include,high,Deterministic title-strict tier-0 retrieval match: anchor and all main topics matched in the title.,yes,0,alzheimers_disease; artificial_intelligence,,,deterministic_include,no,,
10_1111_jon_13063,"Functional magnetic resonance imaging, deep learning, and Alzheimer's disease: A systematic review",2022,10.1111/jon.13063,openalex,https://openalex.org/W4306742555,16,"(""Alzheimer's disease"" OR Alzheimer's OR ""Alzheimer disease"" OR ""prodromal Alzheimer's disease"" OR ""preclinical Alzheimer's disease"" OR ""dementia due to Alzheimer's disease"") AND (""artificial intelligence"" OR AI OR ""machine learning"" OR ""deep learning"" OR ""neural network"" OR ""natural language processing"" OR ""computer vision"" OR ""computational intelligence"")",Tier 0: anchor and all main topics.,tier_0_all_main,tier_0_all_main,field_relaxed,0,false,0,include,high,Deterministic title-strict tier-0 retrieval match: anchor and all main topics matched in the title.,yes,0,alzheimers_disease; artificial_intelligence,,,deterministic_include,no,,
10_3390_brainsci10020084,A Deep Siamese Convolution Neural Network for Multi-Class Classification of Alzheimer Disease,2020,10.3390/brainsci10020084,openalex,https://openalex.org/W3005273529,17,"(""Alzheimer's disease"" OR Alzheimer's OR ""Alzheimer disease"" OR ""prodromal Alzheimer's disease"" OR ""preclinical Alzheimer's disease"" OR ""dementia due to Alzheimer's disease"") AND (""artificial intelligence"" OR AI OR ""machine learning"" OR ""deep learning"" OR ""neural network"" OR ""natural language processing"" OR ""computer vision"" OR ""computational intelligence"")",Tier 0: anchor and all main topics.,tier_0_all_main,tier_0_all_main,field_relaxed,0,false,0,include,high,Deterministic title-strict tier-0 retrieval match: anchor and all main topics matched in the title.,yes,0,alzheimers_disease; artificial_intelligence,,,deterministic_include,no,,
10_1016_j_measen_2022_100506,A deep learning based convolutional neural network model with VGG16 feature extractor for the detection of Alzheimer Disease using MRI scans,2022,10.1016/j.measen.2022.100506,openalex,https://openalex.org/W4302028668,18,"(""Alzheimer's disease"" OR Alzheimer's OR ""Alzheimer disease"" OR ""prodromal Alzheimer's disease"" OR ""preclinical Alzheimer's disease"" OR ""dementia due to Alzheimer's disease"") AND (""artificial intelligence"" OR AI OR ""machine learning"" OR ""deep learning"" OR ""neural network"" OR ""natural language processing"" OR ""computer vision"" OR ""computational intelligence"")",Tier 0: anchor and all main topics.,tier_0_all_main,tier_0_all_main,field_relaxed,0,false,0,include,high,Deterministic title-strict tier-0 retrieval match: anchor and all main topics matched in the title.,yes,0,alzheimers_disease; artificial_intelligence,,,deterministic_include,no,,
10_1186_s41983_022_00571_w,Early prediction of Alzheimer's disease using convolutional neural network: a review,2022,10.1186/s41983-022-00571-w,openalex,https://openalex.org/W4309179914,19,"(""Alzheimer's disease"" OR Alzheimer's OR ""Alzheimer disease"" OR ""prodromal Alzheimer's disease"" OR ""preclinical Alzheimer's disease"" OR ""dementia due to Alzheimer's disease"") AND (""artificial intelligence"" OR AI OR ""machine learning"" OR ""deep learning"" OR ""neural network"" OR ""natural language processing"" OR ""computer vision"" OR ""computational intelligence"")",Tier 0: anchor and all main topics.,tier_0_all_main,tier_0_all_main,field_relaxed,0,false,0,include,high,Deterministic title-strict tier-0 retrieval match: anchor and all main topics matched in the title.,yes,0,alzheimers_disease; artificial_intelligence,,,deterministic_include,no,,
10_1038_s41598_020_80312_2,Modular machine learning for Alzheimer's disease classification from retinal vasculature,2021,10.1038/s41598-020-80312-2,openalex,https://openalex.org/W3120564489,21,"(""Alzheimer's disease"" OR Alzheimer's OR ""Alzheimer disease"" OR ""prodromal Alzheimer's disease"" OR ""preclinical Alzheimer's disease"" OR ""dementia due to Alzheimer's disease"") AND (""artificial intelligence"" OR AI OR ""machine learning"" OR ""deep learning"" OR ""neural network"" OR ""natural language processing"" OR ""computer vision"" OR ""computational intelligence"")",Tier 0: anchor and all main topics.,tier_0_all_main,tier_0_all_main,field_relaxed,0,false,0,include,high,Deterministic title-strict tier-0 retrieval match: anchor and all main topics matched in the title.,yes,0,alzheimers_disease; artificial_intelligence,,,deterministic_include,no,,
10_1038_s41598_020_79243_9,Identification of Alzheimer's disease using a convolutional neural network model based on T1-weighted magnetic resonance imaging,2020,10.1038/s41598-020-79243-9,openalex,https://openalex.org/W3110796009,24,"(""Alzheimer's disease"" OR Alzheimer's OR ""Alzheimer disease"" OR ""prodromal Alzheimer's disease"" OR ""preclinical Alzheimer's disease"" OR ""dementia due to Alzheimer's disease"") AND (""artificial intelligence"" OR AI OR ""machine learning"" OR ""deep learning"" OR ""neural network"" OR ""natural language processing"" OR ""computer vision"" OR ""computational intelligence"")",Tier 0: anchor and all main topics.,tier_0_all_main,tier_0_all_main,field_relaxed,0,false,0,include,high,Deterministic title-strict tier-0 retrieval match: anchor and all main topics matched in the title.,yes,0,alzheimers_disease; artificial_intelligence,,,deterministic_include,no,,
10_1016_j_ijcce_2021_12_002,A review of the application of deep learning in the detection of Alzheimer's disease,2021,10.1016/j.ijcce.2021.12.002,openalex,https://openalex.org/W4200576184,25,"(""Alzheimer's disease"" OR Alzheimer's OR ""Alzheimer disease"" OR ""prodromal Alzheimer's disease"" OR ""preclinical Alzheimer's disease"" OR ""dementia due to Alzheimer's disease"") AND (""artificial intelligence"" OR AI OR ""machine learning"" OR ""deep learning"" OR ""neural network"" OR ""natural language processing"" OR ""computer vision"" OR ""computational intelligence"")",Tier 0: anchor and all main topics.,tier_0_all_main,tier_0_all_main,field_relaxed,0,false,0,include,high,Deterministic title-strict tier-0 retrieval match: anchor and all main topics matched in the title.,yes,0,alzheimers_disease; artificial_intelligence,,,deterministic_include,no,,
10_1016_j_nicl_2021_102712,Cross-cohort generalizability of deep and conventional machine learning for MRI-based diagnosis and prediction of Alzheimer's disease,2021,10.1016/j.nicl.2021.102712,openalex,https://openalex.org/W3167864582,27,"(""Alzheimer's disease"" OR Alzheimer's OR ""Alzheimer disease"" OR ""prodromal Alzheimer's disease"" OR ""preclinical Alzheimer's disease"" OR ""dementia due to Alzheimer's disease"") AND (""artificial intelligence"" OR AI OR ""machine learning"" OR ""deep learning"" OR ""neural network"" OR ""natural language processing"" OR ""computer vision"" OR ""computational intelligence"")",Tier 0: anchor and all main topics.,tier_0_all_main,tier_0_all_main,field_relaxed,0,false,0,include,high,Deterministic title-strict tier-0 retrieval match: anchor and all main topics matched in the title.,yes,0,alzheimers_disease; artificial_intelligence,,,deterministic_include,no,,
10_1002_alz_12032,Predicting sporadic Alzheimer's disease progression via inherited Alzheimer's disease‐informed machine‐learning,2020,10.1002/alz.12032,openalex,https://openalex.org/W3005937372,28,"(""Alzheimer's disease"" OR Alzheimer's OR ""Alzheimer disease"" OR ""prodromal Alzheimer's disease"" OR ""preclinical Alzheimer's disease"" OR ""dementia due to Alzheimer's disease"") AND (""artificial intelligence"" OR AI OR ""machine learning"" OR ""deep learning"" OR ""neural network"" OR ""natural language processing"" OR ""computer vision"" OR ""computational intelligence"")",Tier 0: anchor and all main topics.,tier_0_all_main,tier_0_all_main,field_relaxed,0,false,0,include,high,Deterministic title-strict tier-0 retrieval match: anchor and all main topics matched in the title.,yes,0,alzheimers_disease; artificial_intelligence,,,deterministic_include,no,,
10_1016_j_sbi_2024_102776,Artificial intelligence for drug discovery and development in Alzheimer's disease,2024,10.1016/j.sbi.2024.102776,openalex,https://openalex.org/W4391669524,30,"(""Alzheimer's disease"" OR Alzheimer's OR ""Alzheimer disease"" OR ""prodromal Alzheimer's disease"" OR ""preclinical Alzheimer's disease"" OR ""dementia due to Alzheimer's disease"") AND (""artificial intelligence"" OR AI OR ""machine learning"" OR ""deep learning"" OR ""neural network"" OR ""natural language processing"" OR ""computer vision"" OR ""computational intelligence"")",Tier 0: anchor and all main topics.,tier_0_all_main,tier_0_all_main,field_relaxed,0,false,0,include,high,Deterministic title-strict tier-0 retrieval match: anchor and all main topics matched in the title.,yes,0,alzheimers_disease; artificial_intelligence,,,deterministic_include,no,,
10_1111_nan_12759,Deep learning‐based model for diagnosing Alzheimer's disease and tauopathies,2021,10.1111/nan.12759,openalex,https://openalex.org/W3194565976,32,"(""Alzheimer's disease"" OR Alzheimer's OR ""Alzheimer disease"" OR ""prodromal Alzheimer's disease"" OR ""preclinical Alzheimer's disease"" OR ""dementia due to Alzheimer's disease"") AND (""artificial intelligence"" OR AI OR ""machine learning"" OR ""deep learning"" OR ""neural network"" OR ""natural language processing"" OR ""computer vision"" OR ""computational intelligence"")",Tier 0: anchor and all main topics.,tier_0_all_main,tier_0_all_main,field_relaxed,0,false,0,include,high,Deterministic title-strict tier-0 retrieval match: anchor and all main topics matched in the title.,yes,0,alzheimers_disease; artificial_intelligence,,,deterministic_include,no,,
10_3389_fpubh_2022_772592,A Transfer Learning Method for Detecting Alzheimer's Disease Based on Speech and Natural Language Processing,2022,10.3389/fpubh.2022.772592,openalex,https://openalex.org/W4224068866,37,"(""Alzheimer's disease"" OR Alzheimer's OR ""Alzheimer disease"" OR ""prodromal Alzheimer's disease"" OR ""preclinical Alzheimer's disease"" OR ""dementia due to Alzheimer's disease"") AND (""artificial intelligence"" OR AI OR ""machine learning"" OR ""deep learning"" OR ""neural network"" OR ""natural language processing"" OR ""computer vision"" OR ""computational intelligence"")",Tier 0: anchor and all main topics.,tier_0_all_main,tier_0_all_main,field_relaxed,0,false,0,include,high,Deterministic title-strict tier-0 retrieval match: anchor and all main topics matched in the title.,yes,0,alzheimers_disease; artificial_intelligence,,,deterministic_include,no,,
10_1109_jbhi_2021_3053568,Auto-Metric Graph Neural Network Based on a Meta-Learning Strategy for the Diagnosis of Alzheimer's Disease,2021,10.1109/jbhi.2021.3053568,openalex,https://openalex.org/W3123893801,39,"(""Alzheimer's disease"" OR Alzheimer's OR ""Alzheimer disease"" OR ""prodromal Alzheimer's disease"" OR ""preclinical Alzheimer's disease"" OR ""dementia due to Alzheimer's disease"") AND (""artificial intelligence"" OR AI OR ""machine learning"" OR ""deep learning"" OR ""neural network"" OR ""natural language processing"" OR ""computer vision"" OR ""computational intelligence"")",Tier 0: anchor and all main topics.,tier_0_all_main,tier_0_all_main,field_relaxed,0,false,0,include,high,Deterministic title-strict tier-0 retrieval match: anchor and all main topics matched in the title.,yes,0,alzheimers_disease; artificial_intelligence,,,deterministic_include,no,,
10_1109_icaccs48705_2020_9074248,Alzheimer Disease Prediction using Machine Learning Algorithms,2020,10.1109/icaccs48705.2020.9074248,openalex,https://openalex.org/W3018492956,41,"(""Alzheimer's disease"" OR Alzheimer's OR ""Alzheimer disease"" OR ""prodromal Alzheimer's disease"" OR ""preclinical Alzheimer's disease"" OR ""dementia due to Alzheimer's disease"") AND (""artificial intelligence"" OR AI OR ""machine learning"" OR ""deep learning"" OR ""neural network"" OR ""natural language processing"" OR ""computer vision"" OR ""computational intelligence"")",Tier 0: anchor and all main topics.,tier_0_all_main,tier_0_all_main,field_relaxed,0,false,0,include,high,Deterministic title-strict tier-0 retrieval match: anchor and all main topics matched in the title.,yes,0,alzheimers_disease; artificial_intelligence,,,deterministic_include,no,,
10_1109_tfuzz_2024_3409412,Fuzzy Deep Learning for the Diagnosis of Alzheimer's Disease: Approaches and Challenges,2024,10.1109/tfuzz.2024.3409412,openalex,https://openalex.org/W4399766677,42,"(""Alzheimer's disease"" OR Alzheimer's OR ""Alzheimer disease"" OR ""prodromal Alzheimer's disease"" OR ""preclinical Alzheimer's disease"" OR ""dementia due to Alzheimer's disease"") AND (""artificial intelligence"" OR AI OR ""machine learning"" OR ""deep learning"" OR ""neural network"" OR ""natural language processing"" OR ""computer vision"" OR ""computational intelligence"")",Tier 0: anchor and all main topics.,tier_0_all_main,tier_0_all_main,field_relaxed,0,false,0,include,high,Deterministic title-strict tier-0 retrieval match: anchor and all main topics matched in the title.,yes,0,alzheimers_disease; artificial_intelligence,,,deterministic_include,no,,
10_1109_icscds53736_2022_9760858,Alzheimer's Disease Analysis using Explainable Artificial Intelligence (XAI),2022,10.1109/icscds53736.2022.9760858,openalex,https://openalex.org/W4224944501,43,"(""Alzheimer's disease"" OR Alzheimer's OR ""Alzheimer disease"" OR ""prodromal Alzheimer's disease"" OR ""preclinical Alzheimer's disease"" OR ""dementia due to Alzheimer's disease"") AND (""artificial intelligence"" OR AI OR ""machine learning"" OR ""deep learning"" OR ""neural network"" OR ""natural language processing"" OR ""computer vision"" OR ""computational intelligence"")",Tier 0: anchor and all main topics.,tier_0_all_main,tier_0_all_main,field_relaxed,0,false,0,include,high,Deterministic title-strict tier-0 retrieval match: anchor and all main topics matched in the title.,yes,0,alzheimers_disease; artificial_intelligence,,,deterministic_include,no,,
10_5582_irdr_2023_01091,Artificial intelligence technology in Alzheimer's disease research,2023,10.5582/irdr.2023.01091,openalex,https://openalex.org/W4387857082,44,"(""Alzheimer's disease"" OR Alzheimer's OR ""Alzheimer disease"" OR ""prodromal Alzheimer's disease"" OR ""preclinical Alzheimer's disease"" OR ""dementia due to Alzheimer's disease"") AND (""artificial intelligence"" OR AI OR ""machine learning"" OR ""deep learning"" OR ""neural network"" OR ""natural language processing"" OR ""computer vision"" OR ""computational intelligence"")",Tier 0: anchor and all main topics.,tier_0_all_main,tier_0_all_main,field_relaxed,0,false,0,include,high,Deterministic title-strict tier-0 retrieval match: anchor and all main topics matched in the title.,yes,0,alzheimers_disease; artificial_intelligence,,,deterministic_include,no,,
10_1016_j_compbiomed_2022_106240,Multi-label classification of Alzheimer's disease stages from resting-state fMRI-based correlation connectivity data and deep learning,2022,10.1016/j.compbiomed.2022.106240,openalex,https://openalex.org/W4308601243,46,"(""Alzheimer's disease"" OR Alzheimer's OR ""Alzheimer disease"" OR ""prodromal Alzheimer's disease"" OR ""preclinical Alzheimer's disease"" OR ""dementia due to Alzheimer's disease"") AND (""artificial intelligence"" OR AI OR ""machine learning"" OR ""deep learning"" OR ""neural network"" OR ""natural language processing"" OR ""computer vision"" OR ""computational intelligence"")",Tier 0: anchor and all main topics.,tier_0_all_main,tier_0_all_main,field_relaxed,0,false,0,include,high,Deterministic title-strict tier-0 retrieval match: anchor and all main topics matched in the title.,yes,0,alzheimers_disease; artificial_intelligence,,,deterministic_include,no,,
10_3389_fpubh_2020_584387,Alzheimer's Disease Classification With a Cascade Neural Network,2020,10.3389/fpubh.2020.584387,openalex,https://openalex.org/W3096159073,48,"(""Alzheimer's disease"" OR Alzheimer's OR ""Alzheimer disease"" OR ""prodromal Alzheimer's disease"" OR ""preclinical Alzheimer's disease"" OR ""dementia due to Alzheimer's disease"") AND (""artificial intelligence"" OR AI OR ""machine learning"" OR ""deep learning"" OR ""neural network"" OR ""natural language processing"" OR ""computer vision"" OR ""computational intelligence"")",Tier 0: anchor and all main topics.,tier_0_all_main,tier_0_all_main,field_relaxed,0,false,0,include,high,Deterministic title-strict tier-0 retrieval match: anchor and all main topics matched in the title.,yes,0,alzheimers_disease; artificial_intelligence,,,deterministic_include,no,,
10_1042_etls20210249,"Applied machine learning in Alzheimer's disease research: omics, imaging, and clinical data",2021,10.1042/etls20210249,openalex,https://openalex.org/W4200330357,53,"(""Alzheimer's disease"" OR Alzheimer's OR ""Alzheimer disease"" OR ""prodromal Alzheimer's disease"" OR ""preclinical Alzheimer's disease"" OR ""dementia due to Alzheimer's disease"") AND (""artificial intelligence"" OR AI OR ""machine learning"" OR ""deep learning"" OR ""neural network"" OR ""natural language processing"" OR ""computer vision"" OR ""computational intelligence"")",Tier 0: anchor and all main topics.,tier_0_all_main,tier_0_all_main,field_relaxed,0,false,0,include,high,Deterministic title-strict tier-0 retrieval match: anchor and all main topics matched in the title.,yes,0,alzheimers_disease; artificial_intelligence,,,deterministic_include,no,,
10_1063_5_0110283,Prediction of Alzheimer's disease using hybrid machine learning technique,2023,10.1063/5.0110283,openalex,https://openalex.org/W4318499369,54,"(""Alzheimer's disease"" OR Alzheimer's OR ""Alzheimer disease"" OR ""prodromal Alzheimer's disease"" OR ""preclinical Alzheimer's disease"" OR ""dementia due to Alzheimer's disease"") AND (""artificial intelligence"" OR AI OR ""machine learning"" OR ""deep learning"" OR ""neural network"" OR ""natural language processing"" OR ""computer vision"" OR ""computational intelligence"")",Tier 0: anchor and all main topics.,tier_0_all_main,tier_0_all_main,field_relaxed,0,false,0,include,high,Deterministic title-strict tier-0 retrieval match: anchor and all main topics matched in the title.,yes,0,alzheimers_disease; artificial_intelligence,,,deterministic_include,no,,
10_1109_jerm_2021_3096172,Classification of Alzheimer's Disease Using RF Signals and Machine Learning,2021,10.1109/jerm.2021.3096172,openalex,https://openalex.org/W3179275421,56,"(""Alzheimer's disease"" OR Alzheimer's OR ""Alzheimer disease"" OR ""prodromal Alzheimer's disease"" OR ""preclinical Alzheimer's disease"" OR ""dementia due to Alzheimer's disease"") AND (""artificial intelligence"" OR AI OR ""machine learning"" OR ""deep learning"" OR ""neural network"" OR ""natural language processing"" OR ""computer vision"" OR ""computational intelligence"")",Tier 0: anchor and all main topics.,tier_0_all_main,tier_0_all_main,field_relaxed,0,false,0,include,high,Deterministic title-strict tier-0 retrieval match: anchor and all main topics matched in the title.,yes,0,alzheimers_disease; artificial_intelligence,,,deterministic_include,no,,
10_1109_cbms49503_2020_00020,3D Convolutional Neural Networks for Diagnosis of Alzheimer's Disease via Structural MRI,2020,10.1109/cbms49503.2020.00020,openalex,https://openalex.org/W3042774130,58,"(""Alzheimer's disease"" OR Alzheimer's OR ""Alzheimer disease"" OR ""prodromal Alzheimer's disease"" OR ""preclinical Alzheimer's disease"" OR ""dementia due to Alzheimer's disease"") AND (""artificial intelligence"" OR AI OR ""machine learning"" OR ""deep learning"" OR ""neural network"" OR ""natural language processing"" OR ""computer vision"" OR ""computational intelligence"")",Tier 0: anchor and all main topics.,tier_0_all_main,tier_0_all_main,field_relaxed,0,false,0,include,high,Deterministic title-strict tier-0 retrieval match: anchor and all main topics matched in the title.,yes,0,alzheimers_disease; artificial_intelligence,,,deterministic_include,no,,
10_3389_fneur_2020_576194,Comparison of Transfer Learning and Conventional Machine Learning Applied to Structural Brain MRI for the Early Diagnosis and Prognosis of Alzheimer's Disease,2020,10.3389/fneur.2020.576194,openalex,https://openalex.org/W3095441110,59,"(""Alzheimer's disease"" OR Alzheimer's OR ""Alzheimer disease"" OR ""prodromal Alzheimer's disease"" OR ""preclinical Alzheimer's disease"" OR ""dementia due to Alzheimer's disease"") AND (""artificial intelligence"" OR AI OR ""machine learning"" OR ""deep learning"" OR ""neural network"" OR ""natural language processing"" OR ""computer vision"" OR ""computational intelligence"")",Tier 0: anchor and all main topics.,tier_0_all_main,tier_0_all_main,field_relaxed,0,false,0,include,high,Deterministic title-strict tier-0 retrieval match: anchor and all main topics matched in the title.,yes,0,alzheimers_disease; artificial_intelligence,,,deterministic_include,no,,
10_19101_ijacr_2021_1152001,Multi-classification of alzheimer disease on magnetic resonance images (MRI) using deep convolutional neural network (DCNN) approaches,2021,10.19101/ijacr.2021.1152001,openalex,https://openalex.org/W3150382221,62,"(""Alzheimer's disease"" OR Alzheimer's OR ""Alzheimer disease"" OR ""prodromal Alzheimer's disease"" OR ""preclinical Alzheimer's disease"" OR ""dementia due to Alzheimer's disease"") AND (""artificial intelligence"" OR AI OR ""machine learning"" OR ""deep learning"" OR ""neural network"" OR ""natural language processing"" OR ""computer vision"" OR ""computational intelligence"")",Tier 0: anchor and all main topics.,tier_0_all_main,tier_0_all_main,field_relaxed,0,false,0,include,high,Deterministic title-strict tier-0 retrieval match: anchor and all main topics matched in the title.,yes,0,alzheimers_disease; artificial_intelligence,,,deterministic_include,no,,
10_1016_j_heliyon_2021_e06226,Hippocampus segmentation on epilepsy and Alzheimer's disease studies with multiple convolutional neural networks,2021,10.1016/j.heliyon.2021.e06226,openalex,https://openalex.org/W3000333530,63,"(""Alzheimer's disease"" OR Alzheimer's OR ""Alzheimer disease"" OR ""prodromal Alzheimer's disease"" OR ""preclinical Alzheimer's disease"" OR ""dementia due to Alzheimer's disease"") AND (""artificial intelligence"" OR AI OR ""machine learning"" OR ""deep learning"" OR ""neural network"" OR ""natural language processing"" OR ""computer vision"" OR ""computational intelligence"")",Tier 0: anchor and all main topics.,tier_0_all_main,tier_0_all_main,field_relaxed,0,false,0,include,high,Deterministic title-strict tier-0 retrieval match: anchor and all main topics matched in the title.,yes,0,alzheimers_disease; artificial_intelligence,,,deterministic_include,no,,
10_1093_jamiaopen_ooab052,Machine learning for modeling the progression of Alzheimer disease dementia using clinical data: a systematic literature review,2021,10.1093/jamiaopen/ooab052,openalex,https://openalex.org/W3188044527,65,"(""Alzheimer's disease"" OR Alzheimer's OR ""Alzheimer disease"" OR ""prodromal Alzheimer's disease"" OR ""preclinical Alzheimer's disease"" OR ""dementia due to Alzheimer's disease"") AND (""artificial intelligence"" OR AI OR ""machine learning"" OR ""deep learning"" OR ""neural network"" OR ""natural language processing"" OR ""computer vision"" OR ""computational intelligence"")",Tier 0: anchor and all main topics.,tier_0_all_main,tier_0_all_main,field_relaxed,0,false,0,include,high,Deterministic title-strict tier-0 retrieval match: anchor and all main topics matched in the title.,yes,0,alzheimers_disease; artificial_intelligence,,,deterministic_include,no,,
10_1145_3492865,A Comprehensive Report on Machine Learning-based Early Detection of Alzheimer's Disease using Multi-modal Neuroimaging Data,2022,10.1145/3492865,openalex,https://openalex.org/W4220689216,66,"(""Alzheimer's disease"" OR Alzheimer's OR ""Alzheimer disease"" OR ""prodromal Alzheimer's disease"" OR ""preclinical Alzheimer's disease"" OR ""dementia due to Alzheimer's disease"") AND (""artificial intelligence"" OR AI OR ""machine learning"" OR ""deep learning"" OR ""neural network"" OR ""natural language processing"" OR ""computer vision"" OR ""computational intelligence"")",Tier 0: anchor and all main topics.,tier_0_all_main,tier_0_all_main,field_relaxed,0,false,0,include,high,Deterministic title-strict tier-0 retrieval match: anchor and all main topics matched in the title.,yes,0,alzheimers_disease; artificial_intelligence,,,deterministic_include,no,,
10_1016_j_apsb_2025_07_030,"Artificial intelligence-driven multi-omics approaches in Alzheimer's disease: Progress, challenges, and future directions",2025,10.1016/j.apsb.2025.07.030,openalex,https://openalex.org/W4412713891,68,"(""Alzheimer's disease"" OR Alzheimer's OR ""Alzheimer disease"" OR ""prodromal Alzheimer's disease"" OR ""preclinical Alzheimer's disease"" OR ""dementia due to Alzheimer's disease"") AND (""artificial intelligence"" OR AI OR ""machine learning"" OR ""deep learning"" OR ""neural network"" OR ""natural language processing"" OR ""computer vision"" OR ""computational intelligence"")",Tier 0: anchor and all main topics.,tier_0_all_main,tier_0_all_main,field_relaxed,0,false,0,include,high,Deterministic title-strict tier-0 retrieval match: anchor and all main topics matched in the title.,yes,0,alzheimers_disease; artificial_intelligence,,,deterministic_include,no,,
10_3389_fnagi_2022_871706,Alzheimer's Disease Diagnosis With Brain Structural MRI Using Multiview-Slice Attention and 3D Convolution Neural Network,2022,10.3389/fnagi.2022.871706,openalex,https://openalex.org/W4224999602,70,"(""Alzheimer's disease"" OR Alzheimer's OR ""Alzheimer disease"" OR ""prodromal Alzheimer's disease"" OR ""preclinical Alzheimer's disease"" OR ""dementia due to Alzheimer's disease"") AND (""artificial intelligence"" OR AI OR ""machine learning"" OR ""deep learning"" OR ""neural network"" OR ""natural language processing"" OR ""computer vision"" OR ""computational intelligence"")",Tier 0: anchor and all main topics.,tier_0_all_main,tier_0_all_main,field_relaxed,0,false,0,include,high,Deterministic title-strict tier-0 retrieval match: anchor and all main topics matched in the title.,yes,0,alzheimers_disease; artificial_intelligence,,,deterministic_include,no,,
10_1155_2021_6690539,Diagnosis of Alzheimer Disease Using 2D MRI Slices by Convolutional Neural Network,2021,10.1155/2021/6690539,openalex,https://openalex.org/W3126870425,71,"(""Alzheimer's disease"" OR Alzheimer's OR ""Alzheimer disease"" OR ""prodromal Alzheimer's disease"" OR ""preclinical Alzheimer's disease"" OR ""dementia due to Alzheimer's disease"") AND (""artificial intelligence"" OR AI OR ""machine learning"" OR ""deep learning"" OR ""neural network"" OR ""natural language processing"" OR ""computer vision"" OR ""computational intelligence"")",Tier 0: anchor and all main topics.,tier_0_all_main,tier_0_all_main,field_relaxed,0,false,0,include,high,Deterministic title-strict tier-0 retrieval match: anchor and all main topics matched in the title.,yes,0,alzheimers_disease; artificial_intelligence,,,deterministic_include,no,,
10_3389_fnhum_2022_972773,A novel deep learning approach for diagnosing Alzheimer's disease based on eye-tracking data,2022,10.3389/fnhum.2022.972773,openalex,https://openalex.org/W4295093126,72,"(""Alzheimer's disease"" OR Alzheimer's OR ""Alzheimer disease"" OR ""prodromal Alzheimer's disease"" OR ""preclinical Alzheimer's disease"" OR ""dementia due to Alzheimer's disease"") AND (""artificial intelligence"" OR AI OR ""machine learning"" OR ""deep learning"" OR ""neural network"" OR ""natural language processing"" OR ""computer vision"" OR ""computational intelligence"")",Tier 0: anchor and all main topics.,tier_0_all_main,tier_0_all_main,field_relaxed,0,false,0,include,high,Deterministic title-strict tier-0 retrieval match: anchor and all main topics matched in the title.,yes,0,alzheimers_disease; artificial_intelligence,,,deterministic_include,no,,
10_1016_j_compbiomed_2024_109438,Multi-scale multimodal deep learning framework for Alzheimer's disease diagnosis,2024,10.1016/j.compbiomed.2024.109438,openalex,https://openalex.org/W4404629839,73,"(""Alzheimer's disease"" OR Alzheimer's OR ""Alzheimer disease"" OR ""prodromal Alzheimer's disease"" OR ""preclinical Alzheimer's disease"" OR ""dementia due to Alzheimer's disease"") AND (""artificial intelligence"" OR AI OR ""machine learning"" OR ""deep learning"" OR ""neural network"" OR ""natural language processing"" OR ""computer vision"" OR ""computational intelligence"")",Tier 0: anchor and all main topics.,tier_0_all_main,tier_0_all_main,field_relaxed,0,false,0,include,high,Deterministic title-strict tier-0 retrieval match: anchor and all main topics matched in the title.,yes,0,alzheimers_disease; artificial_intelligence,,,deterministic_include,no,,
10_3390_sci5010013,Review on Alzheimer Disease Detection Methods: Automatic Pipelines and Machine Learning Techniques,2023,10.3390/sci5010013,openalex,https://openalex.org/W4328095021,75,"(""Alzheimer's disease"" OR Alzheimer's OR ""Alzheimer disease"" OR ""prodromal Alzheimer's disease"" OR ""preclinical Alzheimer's disease"" OR ""dementia due to Alzheimer's disease"") AND (""artificial intelligence"" OR AI OR ""machine learning"" OR ""deep learning"" OR ""neural network"" OR ""natural language processing"" OR ""computer vision"" OR ""computational intelligence"")",Tier 0: anchor and all main topics.,tier_0_all_main,tier_0_all_main,field_relaxed,0,false,0,include,high,Deterministic title-strict tier-0 retrieval match: anchor and all main topics matched in the title.,yes,0,alzheimers_disease; artificial_intelligence,,,deterministic_include,no,,
10_1109_access_2022_3204395,ADD-Net: An Effective Deep Learning Model for Early Detection of Alzheimer Disease in MRI Scans,2022,10.1109/access.2022.3204395,openalex,https://openalex.org/W4294691653,76,"(""Alzheimer's disease"" OR Alzheimer's OR ""Alzheimer disease"" OR ""prodromal Alzheimer's disease"" OR ""preclinical Alzheimer's disease"" OR ""dementia due to Alzheimer's disease"") AND (""artificial intelligence"" OR AI OR ""machine learning"" OR ""deep learning"" OR ""neural network"" OR ""natural language processing"" OR ""computer vision"" OR ""computational intelligence"")",Tier 0: anchor and all main topics.,tier_0_all_main,tier_0_all_main,field_relaxed,0,false,0,include,high,Deterministic title-strict tier-0 retrieval match: anchor and all main topics matched in the title.,yes,0,alzheimers_disease; artificial_intelligence,,,deterministic_include,no,,
10_1049_cps2_12090,A machine learning model for Alzheimer's disease prediction,2024,10.1049/cps2.12090,openalex,https://openalex.org/W4393054471,77,"(""Alzheimer's disease"" OR Alzheimer's OR ""Alzheimer disease"" OR ""prodromal Alzheimer's disease"" OR ""preclinical Alzheimer's disease"" OR ""dementia due to Alzheimer's disease"") AND (""artificial intelligence"" OR AI OR ""machine learning"" OR ""deep learning"" OR ""neural network"" OR ""natural language processing"" OR ""computer vision"" OR ""computational intelligence"")",Tier 0: anchor and all main topics.,tier_0_all_main,tier_0_all_main,field_relaxed,0,false,0,include,high,Deterministic title-strict tier-0 retrieval match: anchor and all main topics matched in the title.,yes,0,alzheimers_disease; artificial_intelligence,,,deterministic_include,no,,
10_1016_j_jrras_2023_100782,Automated Alzheimer's disease classification using deep learning models with Soft-NMS and improved ResNet50 integration,2024,10.1016/j.jrras.2023.100782,openalex,https://openalex.org/W4390478980,78,"(""Alzheimer's disease"" OR Alzheimer's OR ""Alzheimer disease"" OR ""prodromal Alzheimer's disease"" OR ""preclinical Alzheimer's disease"" OR ""dementia due to Alzheimer's disease"") AND (""artificial intelligence"" OR AI OR ""machine learning"" OR ""deep learning"" OR ""neural network"" OR ""natural language processing"" OR ""computer vision"" OR ""computational intelligence"")",Tier 0: anchor and all main topics.,tier_0_all_main,tier_0_all_main,field_relaxed,0,false,0,include,high,Deterministic title-strict tier-0 retrieval match: anchor and all main topics matched in the title.,yes,0,alzheimers_disease; artificial_intelligence,,,deterministic_include,no,,
10_1186_s13195_021_00924_2,Improving 3D convolutional neural network comprehensibility via interactive visualization of relevance maps: evaluation in Alzheimer's disease.,2021,10.1186/s13195-021-00924-2,openalex,https://openalex.org/W3215207525,79,"(""Alzheimer's disease"" OR Alzheimer's OR ""Alzheimer disease"" OR ""prodromal Alzheimer's disease"" OR ""preclinical Alzheimer's disease"" OR ""dementia due to Alzheimer's disease"") AND (""artificial intelligence"" OR AI OR ""machine learning"" OR ""deep learning"" OR ""neural network"" OR ""natural language processing"" OR ""computer vision"" OR ""computational intelligence"")",Tier 0: anchor and all main topics.,tier_0_all_main,tier_0_all_main,field_relaxed,0,false,0,include,high,Deterministic title-strict tier-0 retrieval match: anchor and all main topics matched in the title.,yes,0,alzheimers_disease; artificial_intelligence,,,deterministic_include,no,,
10_1109_icdcece60827_2024_10548493,Early detection of Alzheimer's Disease and Dementia Using Deep Convolutional Neural Networks,2024,10.1109/icdcece60827.2024.10548493,openalex,https://openalex.org/W4399575260,80,"(""Alzheimer's disease"" OR Alzheimer's OR ""Alzheimer disease"" OR ""prodromal Alzheimer's disease"" OR ""preclinical Alzheimer's disease"" OR ""dementia due to Alzheimer's disease"") AND (""artificial intelligence"" OR AI OR ""machine learning"" OR ""deep learning"" OR ""neural network"" OR ""natural language processing"" OR ""computer vision"" OR ""computational intelligence"")",Tier 0: anchor and all main topics.,tier_0_all_main,tier_0_all_main,field_relaxed,0,false,0,include,high,Deterministic title-strict tier-0 retrieval match: anchor and all main topics matched in the title.,yes,0,alzheimers_disease; artificial_intelligence,,,deterministic_include,no,,
10_1109_tencon54134_2021_9707468,Exploring Alzheimer's Disease Prediction with XAI in various Neural Network Models,2021,10.1109/tencon54134.2021.9707468,openalex,https://openalex.org/W4213068175,81,"(""Alzheimer's disease"" OR Alzheimer's OR ""Alzheimer disease"" OR ""prodromal Alzheimer's disease"" OR ""preclinical Alzheimer's disease"" OR ""dementia due to Alzheimer's disease"") AND (""artificial intelligence"" OR AI OR ""machine learning"" OR ""deep learning"" OR ""neural network"" OR ""natural language processing"" OR ""computer vision"" OR ""computational intelligence"")",Tier 0: anchor and all main topics.,tier_0_all_main,tier_0_all_main,field_relaxed,0,false,0,include,high,Deterministic title-strict tier-0 retrieval match: anchor and all main topics matched in the title.,yes,0,alzheimers_disease; artificial_intelligence,,,deterministic_include,no,,
10_1109_uemcon54665_2022_9965730,Deep Learning Based Model for Alzheimer's Disease Detection Using Brain MRI Images,2022,10.1109/uemcon54665.2022.9965730,openalex,https://openalex.org/W4310502248,82,"(""Alzheimer's disease"" OR Alzheimer's OR ""Alzheimer disease"" OR ""prodromal Alzheimer's disease"" OR ""preclinical Alzheimer's disease"" OR ""dementia due to Alzheimer's disease"") AND (""artificial intelligence"" OR AI OR ""machine learning"" OR ""deep learning"" OR ""neural network"" OR ""natural language processing"" OR ""computer vision"" OR ""computational intelligence"")",Tier 0: anchor and all main topics.,tier_0_all_main,tier_0_all_main,field_relaxed,0,false,0,include,high,Deterministic title-strict tier-0 retrieval match: anchor and all main topics matched in the title.,yes,0,alzheimers_disease; artificial_intelligence,,,deterministic_include,no,,
10_21203_rs_3_rs_624520_v1,Alzheimer's Disease Early Detection Using Machine Learning Techniques,2021,10.21203/rs.3.rs-624520/v1,openalex,https://openalex.org/W3168046494,83,"(""Alzheimer's disease"" OR Alzheimer's OR ""Alzheimer disease"" OR ""prodromal Alzheimer's disease"" OR ""preclinical Alzheimer's disease"" OR ""dementia due to Alzheimer's disease"") AND (""artificial intelligence"" OR AI OR ""machine learning"" OR ""deep learning"" OR ""neural network"" OR ""natural language processing"" OR ""computer vision"" OR ""computational intelligence"")",Tier 0: anchor and all main topics.,tier_0_all_main,tier_0_all_main,field_relaxed,0,false,0,include,high,Deterministic title-strict tier-0 retrieval match: anchor and all main topics matched in the title.,yes,0,alzheimers_disease; artificial_intelligence,,,deterministic_include,no,,
10_1155_2021_8198552,Artificial Intelligence-based MRI Images for Brain in Prediction of Alzheimer's Disease,2021,10.1155/2021/8198552,openalex,https://openalex.org/W3205824677,84,"(""Alzheimer's disease"" OR Alzheimer's OR ""Alzheimer disease"" OR ""prodromal Alzheimer's disease"" OR ""preclinical Alzheimer's disease"" OR ""dementia due to Alzheimer's disease"") AND (""artificial intelligence"" OR AI OR ""machine learning"" OR ""deep learning"" OR ""neural network"" OR ""natural language processing"" OR ""computer vision"" OR ""computational intelligence"")",Tier 0: anchor and all main topics.,tier_0_all_main,tier_0_all_main,field_relaxed,0,false,0,include,high,Deterministic title-strict tier-0 retrieval match: anchor and all main topics matched in the title.,yes,0,alzheimers_disease; artificial_intelligence,,,deterministic_include,no,,
10_3389_fnagi_2023_1238065,An eXplainability Artificial Intelligence approach to brain connectivity in Alzheimer's disease,2023,10.3389/fnagi.2023.1238065,openalex,https://openalex.org/W4386325543,85,"(""Alzheimer's disease"" OR Alzheimer's OR ""Alzheimer disease"" OR ""prodromal Alzheimer's disease"" OR ""preclinical Alzheimer's disease"" OR ""dementia due to Alzheimer's disease"") AND (""artificial intelligence"" OR AI OR ""machine learning"" OR ""deep learning"" OR ""neural network"" OR ""natural language processing"" OR ""computer vision"" OR ""computational intelligence"")",Tier 0: anchor and all main topics.,tier_0_all_main,tier_0_all_main,field_relaxed,0,false,0,include,high,Deterministic title-strict tier-0 retrieval match: anchor and all main topics matched in the title.,yes,0,alzheimers_disease; artificial_intelligence,,,deterministic_include,no,,
10_1109_ssd49366_2020_9364155,Alzheimer's disease detection using convolutional neural networks and transfer learning based methods,2020,10.1109/ssd49366.2020.9364155,openalex,https://openalex.org/W3133744604,88,"(""Alzheimer's disease"" OR Alzheimer's OR ""Alzheimer disease"" OR ""prodromal Alzheimer's disease"" OR ""preclinical Alzheimer's disease"" OR ""dementia due to Alzheimer's disease"") AND (""artificial intelligence"" OR AI OR ""machine learning"" OR ""deep learning"" OR ""neural network"" OR ""natural language processing"" OR ""computer vision"" OR ""computational intelligence"")",Tier 0: anchor and all main topics.,tier_0_all_main,tier_0_all_main,field_relaxed,0,false,0,include,high,Deterministic title-strict tier-0 retrieval match: anchor and all main topics matched in the title.,yes,0,alzheimers_disease; artificial_intelligence,,,deterministic_include,no,,
10_1111_cns_13963,Machine learning based on Optical Coherence Tomography images as a diagnostic tool for Alzheimer's disease,2022,10.1111/cns.13963,openalex,https://openalex.org/W4296528405,89,"(""Alzheimer's disease"" OR Alzheimer's OR ""Alzheimer disease"" OR ""prodromal Alzheimer's disease"" OR ""preclinical Alzheimer's disease"" OR ""dementia due to Alzheimer's disease"") AND (""artificial intelligence"" OR AI OR ""machine learning"" OR ""deep learning"" OR ""neural network"" OR ""natural language processing"" OR ""computer vision"" OR ""computational intelligence"")",Tier 0: anchor and all main topics.,tier_0_all_main,tier_0_all_main,field_relaxed,0,false,0,include,high,Deterministic title-strict tier-0 retrieval match: anchor and all main topics matched in the title.,yes,0,alzheimers_disease; artificial_intelligence,,,deterministic_include,no,,
10_1111_jon_12835,Differentiating Dementia with Lewy Bodies and Alzheimer's Disease by Deep Learning to Structural MRI,2021,10.1111/jon.12835,openalex,https://openalex.org/W3123995491,91,"(""Alzheimer's disease"" OR Alzheimer's OR ""Alzheimer disease"" OR ""prodromal Alzheimer's disease"" OR ""preclinical Alzheimer's disease"" OR ""dementia due to Alzheimer's disease"") AND (""artificial intelligence"" OR AI OR ""machine learning"" OR ""deep learning"" OR ""neural network"" OR ""natural language processing"" OR ""computer vision"" OR ""computational intelligence"")",Tier 0: anchor and all main topics.,tier_0_all_main,tier_0_all_main,field_relaxed,0,false,0,include,high,Deterministic title-strict tier-0 retrieval match: anchor and all main topics matched in the title.,yes,0,alzheimers_disease; artificial_intelligence,,,deterministic_include,no,,
10_1016_j_heliyon_2024_e29375,AI-based tool for early detection of Alzheimer's disease,2024,10.1016/j.heliyon.2024.e29375,openalex,https://openalex.org/W4394616357,92,"(""Alzheimer's disease"" OR Alzheimer's OR ""Alzheimer disease"" OR ""prodromal Alzheimer's disease"" OR ""preclinical Alzheimer's disease"" OR ""dementia due to Alzheimer's disease"") AND (""artificial intelligence"" OR AI OR ""machine learning"" OR ""deep learning"" OR ""neural network"" OR ""natural language processing"" OR ""computer vision"" OR ""computational intelligence"")",Tier 0: anchor and all main topics.,tier_0_all_main,tier_0_all_main,field_relaxed,0,false,0,include,high,Deterministic title-strict tier-0 retrieval match: anchor and all main topics matched in the title.,yes,0,alzheimers_disease; artificial_intelligence,,,deterministic_include,no,,
10_1109_icics52457_2021_9464543,Prediction Alzheimer's disease from MRI images using deep learning,2021,10.1109/icics52457.2021.9464543,openalex,https://openalex.org/W3176394889,93,"(""Alzheimer's disease"" OR Alzheimer's OR ""Alzheimer disease"" OR ""prodromal Alzheimer's disease"" OR ""preclinical Alzheimer's disease"" OR ""dementia due to Alzheimer's disease"") AND (""artificial intelligence"" OR AI OR ""machine learning"" OR ""deep learning"" OR ""neural network"" OR ""natural language processing"" OR ""computer vision"" OR ""computational intelligence"")",Tier 0: anchor and all main topics.,tier_0_all_main,tier_0_all_main,field_relaxed,0,false,0,include,high,Deterministic title-strict tier-0 retrieval match: anchor and all main topics matched in the title.,yes,0,alzheimers_disease; artificial_intelligence,,,deterministic_include,no,,
10_60084_hjas_v1i1_12,QSAR Classification of Beta-Secretase 1 Inhibitor Activity in Alzheimer's Disease Using Ensemble Machine Learning Algorithms,2023,10.60084/hjas.v1i1.12,openalex,https://openalex.org/W4384433002,95,"(""Alzheimer's disease"" OR Alzheimer's OR ""Alzheimer disease"" OR ""prodromal Alzheimer's disease"" OR ""preclinical Alzheimer's disease"" OR ""dementia due to Alzheimer's disease"") AND (""artificial intelligence"" OR AI OR ""machine learning"" OR ""deep learning"" OR ""neural network"" OR ""natural language processing"" OR ""computer vision"" OR ""computational intelligence"")",Tier 0: anchor and all main topics.,tier_0_all_main,tier_0_all_main,field_relaxed,0,false,0,include,high,Deterministic title-strict tier-0 retrieval match: anchor and all main topics matched in the title.,yes,0,alzheimers_disease; artificial_intelligence,,,deterministic_include,no,,
10_1016_j_ibmed_2023_100091,Prediction of Alzheimer's disease from magnetic resonance imaging using a convolutional neural network,2023,10.1016/j.ibmed.2023.100091,openalex,https://openalex.org/W4313731141,96,"(""Alzheimer's disease"" OR Alzheimer's OR ""Alzheimer disease"" OR ""prodromal Alzheimer's disease"" OR ""preclinical Alzheimer's disease"" OR ""dementia due to Alzheimer's disease"") AND (""artificial intelligence"" OR AI OR ""machine learning"" OR ""deep learning"" OR ""neural network"" OR ""natural language processing"" OR ""computer vision"" OR ""computational intelligence"")",Tier 0: anchor and all main topics.,tier_0_all_main,tier_0_all_main,field_relaxed,0,false,0,include,high,Deterministic title-strict tier-0 retrieval match: anchor and all main topics matched in the title.,yes,0,alzheimers_disease; artificial_intelligence,,,deterministic_include,no,,
10_1002_advs_202204717,Deep Learning for Brain MRI Confirms Patterned Pathological Progression in Alzheimer's Disease,2022,10.1002/advs.202204717,openalex,https://openalex.org/W4312213462,97,"(""Alzheimer's disease"" OR Alzheimer's OR ""Alzheimer disease"" OR ""prodromal Alzheimer's disease"" OR ""preclinical Alzheimer's disease"" OR ""dementia due to Alzheimer's disease"") AND (""artificial intelligence"" OR AI OR ""machine learning"" OR ""deep learning"" OR ""neural network"" OR ""natural language processing"" OR ""computer vision"" OR ""computational intelligence"")",Tier 0: anchor and all main topics.,tier_0_all_main,tier_0_all_main,field_relaxed,0,false,0,include,high,Deterministic title-strict tier-0 retrieval match: anchor and all main topics matched in the title.,yes,0,alzheimers_disease; artificial_intelligence,,,deterministic_include,no,,
10_3390_electronics11121890,Constructing Domain Ontology for Alzheimer Disease Using Deep Learning Based Approach,2022,10.3390/electronics11121890,openalex,https://openalex.org/W4283078630,98,"(""Alzheimer's disease"" OR Alzheimer's OR ""Alzheimer disease"" OR ""prodromal Alzheimer's disease"" OR ""preclinical Alzheimer's disease"" OR ""dementia due to Alzheimer's disease"") AND (""artificial intelligence"" OR AI OR ""machine learning"" OR ""deep learning"" OR ""neural network"" OR ""natural language processing"" OR ""computer vision"" OR ""computational intelligence"")",Tier 0: anchor and all main topics.,tier_0_all_main,tier_0_all_main,field_relaxed,0,false,0,include,high,Deterministic title-strict tier-0 retrieval match: anchor and all main topics matched in the title.,yes,0,alzheimers_disease; artificial_intelligence,,,deterministic_include,no,,
10_1002_trc2_12013,A precision medicine framework using artificial intelligence for the identification and confirmation of genomic biomarkers of response to an Alzheimer's disease therapy: Analysis of the blarcamesine (ANAVEX2‐73) Phase 2a clinical study,2020,10.1002/trc2.12013,openalex,https://openalex.org/W3017335992,99,"(""Alzheimer's disease"" OR Alzheimer's OR ""Alzheimer disease"" OR ""prodromal Alzheimer's disease"" OR ""preclinical Alzheimer's disease"" OR ""dementia due to Alzheimer's disease"") AND (""artificial intelligence"" OR AI OR ""machine learning"" OR ""deep learning"" OR ""neural network"" OR ""natural language processing"" OR ""computer vision"" OR ""computational intelligence"")",Tier 0: anchor and all main topics.,tier_0_all_main,tier_0_all_main,field_relaxed,0,false,0,include,high,Deterministic title-strict tier-0 retrieval match: anchor and all main topics matched in the title.,yes,0,alzheimers_disease; artificial_intelligence,,,deterministic_include,no,,
10_6026_97320630017363,Identification of marker genes in Alzheimer's disease using a machine-learning model,2021,10.6026/97320630017363,openalex,https://openalex.org/W3184355119,100,"(""Alzheimer's disease"" OR Alzheimer's OR ""Alzheimer disease"" OR ""prodromal Alzheimer's disease"" OR ""preclinical Alzheimer's disease"" OR ""dementia due to Alzheimer's disease"") AND (""artificial intelligence"" OR AI OR ""machine learning"" OR ""deep learning"" OR ""neural network"" OR ""natural language processing"" OR ""computer vision"" OR ""computational intelligence"")",Tier 0: anchor and all main topics.,tier_0_all_main,tier_0_all_main,field_relaxed,0,false,0,include,high,Deterministic title-strict tier-0 retrieval match: anchor and all main topics matched in the title.,yes,0,alzheimers_disease; artificial_intelligence,,,deterministic_include,no,,
10_1016_j_artmed_2022_102332,Deep learning for Alzheimer's disease diagnosis: A survey,2022,10.1016/j.artmed.2022.102332,openalex,https://openalex.org/W4281730963,3,"(""Alzheimer's disease"" OR Alzheimer's OR ""Alzheimer disease"" OR ""prodromal Alzheimer's disease"" OR ""preclinical Alzheimer's disease"" OR ""dementia due to Alzheimer's disease"") AND (""artificial intelligence"" OR AI OR ""machine learning"" OR ""deep learning"" OR ""neural network"" OR ""natural language processing"" OR ""computer vision"" OR ""computational intelligence"")",Tier 0: anchor and all main topics.,tier_0_all_main,tier_0_all_main,field_relaxed,0,false,0,include,high,Deterministic title-strict tier-0 retrieval match: anchor and all main topics matched in the title.,yes,0,alzheimers_disease; artificial_intelligence,,,deterministic_include,no,,
10_1016_j_irbm_2020_06_006,Deep Convolution Neural Network Based System for Early Diagnosis of Alzheimer's Disease,2020,10.1016/j.irbm.2020.06.006,openalex,https://openalex.org/W3040248281,6,"(""Alzheimer's disease"" OR Alzheimer's OR ""Alzheimer disease"" OR ""prodromal Alzheimer's disease"" OR ""preclinical Alzheimer's disease"" OR ""dementia due to Alzheimer's disease"") AND (""artificial intelligence"" OR AI OR ""machine learning"" OR ""deep learning"" OR ""neural network"" OR ""natural language processing"" OR ""computer vision"" OR ""computational intelligence"")",Tier 0: anchor and all main topics.,tier_0_all_main,tier_0_all_main,field_relaxed,0,false,0,include,high,Deterministic title-strict tier-0 retrieval match: anchor and all main topics matched in the title.,yes,0,alzheimers_disease; artificial_intelligence,,,deterministic_include,no,,
10_1016_j_cmpb_2021_106032,Alzheimer's disease detection using depthwise separable convolutional neural networks,2021,10.1016/j.cmpb.2021.106032,openalex,https://openalex.org/W3134726279,10,"(""Alzheimer's disease"" OR Alzheimer's OR ""Alzheimer disease"" OR ""prodromal Alzheimer's disease"" OR ""preclinical Alzheimer's disease"" OR ""dementia due to Alzheimer's disease"") AND (""artificial intelligence"" OR AI OR ""machine learning"" OR ""deep learning"" OR ""neural network"" OR ""natural language processing"" OR ""computer vision"" OR ""computational intelligence"")",Tier 0: anchor and all main topics.,tier_0_all_main,tier_0_all_main,field_relaxed,0,false,0,include,high,Deterministic title-strict tier-0 retrieval match: anchor and all main topics matched in the title.,yes,0,alzheimers_disease; artificial_intelligence,,,deterministic_include,no,,
10_1016_j_jbi_2020_103411,Deep ensemble learning for Alzheimer's disease classification,2020,10.1016/j.jbi.2020.103411,openalex,https://openalex.org/W3013699712,12,"(""Alzheimer's disease"" OR Alzheimer's OR ""Alzheimer disease"" OR ""prodromal Alzheimer's disease"" OR ""preclinical Alzheimer's disease"" OR ""dementia due to Alzheimer's disease"") AND (""artificial intelligence"" OR AI OR ""machine learning"" OR ""deep learning"" OR ""neural network"" OR ""natural language processing"" OR ""computer vision"" OR ""computational intelligence"")",Tier 0: anchor and all main topics.,tier_0_all_main,tier_0_all_main,field_relaxed,0,false,999,include,high,Candidate contains the anchor topic and both main topics.,yes,0,alzheimers_disease; artificial_intelligence,,,llm_screened,no,,
10_1016_j_neurobiolaging_2021_04_024,A machine learning approach to screen for preclinical Alzheimer's disease,2021,10.1016/j.neurobiolaging.2021.04.024,openalex,https://openalex.org/W3158732404,15,"(""Alzheimer's disease"" OR Alzheimer's OR ""Alzheimer disease"" OR ""prodromal Alzheimer's disease"" OR ""preclinical Alzheimer's disease"" OR ""dementia due to Alzheimer's disease"") AND (""artificial intelligence"" OR AI OR ""machine learning"" OR ""deep learning"" OR ""neural network"" OR ""natural language processing"" OR ""computer vision"" OR ""computational intelligence"")",Tier 0: anchor and all main topics.,tier_0_all_main,tier_0_all_main,field_relaxed,0,false,0,include,high,Deterministic title-strict tier-0 retrieval match: anchor and all main topics matched in the title.,yes,0,alzheimers_disease; artificial_intelligence,,,deterministic_include,no,,
10_1016_j_compbiomed_2021_105032,Deep learning based pipelines for Alzheimer's disease diagnosis: A comparative study and a novel deep-ensemble method,2021,10.1016/j.compbiomed.2021.105032,openalex,https://openalex.org/W3216798277,20,"(""Alzheimer's disease"" OR Alzheimer's OR ""Alzheimer disease"" OR ""prodromal Alzheimer's disease"" OR ""preclinical Alzheimer's disease"" OR ""dementia due to Alzheimer's disease"") AND (""artificial intelligence"" OR AI OR ""machine learning"" OR ""deep learning"" OR ""neural network"" OR ""natural language processing"" OR ""computer vision"" OR ""computational intelligence"")",Tier 0: anchor and all main topics.,tier_0_all_main,tier_0_all_main,field_relaxed,0,false,0,include,high,Deterministic title-strict tier-0 retrieval match: anchor and all main topics matched in the title.,yes,0,alzheimers_disease; artificial_intelligence,,,deterministic_include,no,,
10_1016_j_ejrad_2023_110934,Artificial intelligence-based diagnosis of Alzheimer's disease with brain MRI images,2023,10.1016/j.ejrad.2023.110934,openalex,https://openalex.org/W4381384569,22,"(""Alzheimer's disease"" OR Alzheimer's OR ""Alzheimer disease"" OR ""prodromal Alzheimer's disease"" OR ""preclinical Alzheimer's disease"" OR ""dementia due to Alzheimer's disease"") AND (""artificial intelligence"" OR AI OR ""machine learning"" OR ""deep learning"" OR ""neural network"" OR ""natural language processing"" OR ""computer vision"" OR ""computational intelligence"")",Tier 0: anchor and all main topics.,tier_0_all_main,tier_0_all_main,field_relaxed,0,false,0,include,high,Deterministic title-strict tier-0 retrieval match: anchor and all main topics matched in the title.,yes,0,alzheimers_disease; artificial_intelligence,,,deterministic_include,no,,
10_1016_j_compbiomed_2022_105634,Early diagnosis of Alzheimer's disease based on deep learning: A systematic review,2022,10.1016/j.compbiomed.2022.105634,openalex,https://openalex.org/W4280512342,23,"(""Alzheimer's disease"" OR Alzheimer's OR ""Alzheimer disease"" OR ""prodromal Alzheimer's disease"" OR ""preclinical Alzheimer's disease"" OR ""dementia due to Alzheimer's disease"") AND (""artificial intelligence"" OR AI OR ""machine learning"" OR ""deep learning"" OR ""neural network"" OR ""natural language processing"" OR ""computer vision"" OR ""computational intelligence"")",Tier 0: anchor and all main topics.,tier_0_all_main,tier_0_all_main,field_relaxed,0,false,0,include,high,Deterministic title-strict tier-0 retrieval match: anchor and all main topics matched in the title.,yes,0,alzheimers_disease; artificial_intelligence,,,deterministic_include,no,,
10_1016_j_neucom_2020_01_053,Detecting Alzheimer's disease Based on 4D fMRI: An exploration under deep learning framework,2020,10.1016/j.neucom.2020.01.053,openalex,https://openalex.org/W3001525933,26,"(""Alzheimer's disease"" OR Alzheimer's OR ""Alzheimer disease"" OR ""prodromal Alzheimer's disease"" OR ""preclinical Alzheimer's disease"" OR ""dementia due to Alzheimer's disease"") AND (""artificial intelligence"" OR AI OR ""machine learning"" OR ""deep learning"" OR ""neural network"" OR ""natural language processing"" OR ""computer vision"" OR ""computational intelligence"")",Tier 0: anchor and all main topics.,tier_0_all_main,tier_0_all_main,field_relaxed,0,false,0,include,high,Deterministic title-strict tier-0 retrieval match: anchor and all main topics matched in the title.,yes,0,alzheimers_disease; artificial_intelligence,,,deterministic_include,no,,
10_1016_j_compbiomed_2021_105056,A deep learning framework with an embedded-based feature selection approach for the early detection of the Alzheimer's disease,2021,10.1016/j.compbiomed.2021.105056,openalex,https://openalex.org/W3216778633,29,"(""Alzheimer's disease"" OR Alzheimer's OR ""Alzheimer disease"" OR ""prodromal Alzheimer's disease"" OR ""preclinical Alzheimer's disease"" OR ""dementia due to Alzheimer's disease"") AND (""artificial intelligence"" OR AI OR ""machine learning"" OR ""deep learning"" OR ""neural network"" OR ""natural language processing"" OR ""computer vision"" OR ""computational intelligence"")",Tier 0: anchor and all main topics.,tier_0_all_main,tier_0_all_main,field_relaxed,0,false,0,include,high,Deterministic title-strict tier-0 retrieval match: anchor and all main topics matched in the title.,yes,0,alzheimers_disease; artificial_intelligence,,,deterministic_include,no,,
10_1016_j_matpr_2021_03_061,Alzheimer's disease prediction using machine learning techniques and principal component analysis (PCA),2021,10.1016/j.matpr.2021.03.061,openalex,https://openalex.org/W3157237148,31,"(""Alzheimer's disease"" OR Alzheimer's OR ""Alzheimer disease"" OR ""prodromal Alzheimer's disease"" OR ""preclinical Alzheimer's disease"" OR ""dementia due to Alzheimer's disease"") AND (""artificial intelligence"" OR AI OR ""machine learning"" OR ""deep learning"" OR ""neural network"" OR ""natural language processing"" OR ""computer vision"" OR ""computational intelligence"")",Tier 0: anchor and all main topics.,tier_0_all_main,tier_0_all_main,field_relaxed,0,false,0,include,high,Deterministic title-strict tier-0 retrieval match: anchor and all main topics matched in the title.,yes,0,alzheimers_disease; artificial_intelligence,,,deterministic_include,no,,
10_1016_j_bspc_2021_103293,"Machine learning techniques for diagnosis of alzheimer disease, mild cognitive disorder, and other types of dementia",2021,10.1016/j.bspc.2021.103293,openalex,https://openalex.org/W3212684309,33,"(""Alzheimer's disease"" OR Alzheimer's OR ""Alzheimer disease"" OR ""prodromal Alzheimer's disease"" OR ""preclinical Alzheimer's disease"" OR ""dementia due to Alzheimer's disease"") AND (""artificial intelligence"" OR AI OR ""machine learning"" OR ""deep learning"" OR ""neural network"" OR ""natural language processing"" OR ""computer vision"" OR ""computational intelligence"")",Tier 0: anchor and all main topics.,tier_0_all_main,tier_0_all_main,field_relaxed,0,false,0,include,high,Deterministic title-strict tier-0 retrieval match: anchor and all main topics matched in the title.,yes,0,alzheimers_disease; artificial_intelligence,,,deterministic_include,no,,
10_1007_s44174_023_00078_9,A Novel Approach Utilizing Machine Learning for the Early Diagnosis of Alzheimer's Disease,2023,10.1007/s44174-023-00078-9,openalex,https://openalex.org/W4363678967,34,"(""Alzheimer's disease"" OR Alzheimer's OR ""Alzheimer disease"" OR ""prodromal Alzheimer's disease"" OR ""preclinical Alzheimer's disease"" OR ""dementia due to Alzheimer's disease"") AND (""artificial intelligence"" OR AI OR ""machine learning"" OR ""deep learning"" OR ""neural network"" OR ""natural language processing"" OR ""computer vision"" OR ""computational intelligence"")",Tier 0: anchor and all main topics.,tier_0_all_main,tier_0_all_main,field_relaxed,0,false,0,include,high,Deterministic title-strict tier-0 retrieval match: anchor and all main topics matched in the title.,yes,0,alzheimers_disease; artificial_intelligence,,,deterministic_include,no,,
10_1016_j_arr_2024_102497,"AI-driven innovations in Alzheimer's disease: Integrating early diagnosis, personalized treatment, and prognostic modelling",2024,10.1016/j.arr.2024.102497,openalex,https://openalex.org/W4402564832,35,"(""Alzheimer's disease"" OR Alzheimer's OR ""Alzheimer disease"" OR ""prodromal Alzheimer's disease"" OR ""preclinical Alzheimer's disease"" OR ""dementia due to Alzheimer's disease"") AND (""artificial intelligence"" OR AI OR ""machine learning"" OR ""deep learning"" OR ""neural network"" OR ""natural language processing"" OR ""computer vision"" OR ""computational intelligence"")",Tier 0: anchor and all main topics.,tier_0_all_main,tier_0_all_main,field_relaxed,0,false,0,include,high,Deterministic title-strict tier-0 retrieval match: anchor and all main topics matched in the title.,yes,0,alzheimers_disease; artificial_intelligence,,,deterministic_include,no,,
10_1016_j_compbiomed_2021_104678,Multi-model and multi-slice ensemble learning architecture based on 2D convolutional neural networks for Alzheimer's disease diagnosis,2021,10.1016/j.compbiomed.2021.104678,openalex,https://openalex.org/W3184758801,36,"(""Alzheimer's disease"" OR Alzheimer's OR ""Alzheimer disease"" OR ""prodromal Alzheimer's disease"" OR ""preclinical Alzheimer's disease"" OR ""dementia due to Alzheimer's disease"") AND (""artificial intelligence"" OR AI OR ""machine learning"" OR ""deep learning"" OR ""neural network"" OR ""natural language processing"" OR ""computer vision"" OR ""computational intelligence"")",Tier 0: anchor and all main topics.,tier_0_all_main,tier_0_all_main,field_relaxed,0,false,0,include,high,Deterministic title-strict tier-0 retrieval match: anchor and all main topics matched in the title.,yes,0,alzheimers_disease; artificial_intelligence,,,deterministic_include,no,,
10_1016_j_artmed_2024_102928,A systematic literature review on the significance of deep learning and machine learning in predicting Alzheimer's disease,2024,10.1016/j.artmed.2024.102928,openalex,https://openalex.org/W4400274374,38,"(""Alzheimer's disease"" OR Alzheimer's OR ""Alzheimer disease"" OR ""prodromal Alzheimer's disease"" OR ""preclinical Alzheimer's disease"" OR ""dementia due to Alzheimer's disease"") AND (""artificial intelligence"" OR AI OR ""machine learning"" OR ""deep learning"" OR ""neural network"" OR ""natural language processing"" OR ""computer vision"" OR ""computational intelligence"")",Tier 0: anchor and all main topics.,tier_0_all_main,tier_0_all_main,field_relaxed,0,false,0,include,high,Deterministic title-strict tier-0 retrieval match: anchor and all main topics matched in the title.,yes,0,alzheimers_disease; artificial_intelligence,,,deterministic_include,no,,
10_1016_j_compbiomed_2023_107328,Multi-modal graph neural network for early diagnosis of Alzheimer's disease from sMRI and PET scans,2023,10.1016/j.compbiomed.2023.107328,openalex,https://openalex.org/W4385621509,40,"(""Alzheimer's disease"" OR Alzheimer's OR ""Alzheimer disease"" OR ""prodromal Alzheimer's disease"" OR ""preclinical Alzheimer's disease"" OR ""dementia due to Alzheimer's disease"") AND (""artificial intelligence"" OR AI OR ""machine learning"" OR ""deep learning"" OR ""neural network"" OR ""natural language processing"" OR ""computer vision"" OR ""computational intelligence"")",Tier 0: anchor and all main topics.,tier_0_all_main,tier_0_all_main,field_relaxed,0,false,0,include,high,Deterministic title-strict tier-0 retrieval match: anchor and all main topics matched in the title.,yes,0,alzheimers_disease; artificial_intelligence,,,deterministic_include,no,,
10_1016_j_patcog_2020_107247,Deep and joint learning of longitudinal data for Alzheimer's disease prediction,2020,10.1016/j.patcog.2020.107247,openalex,https://openalex.org/W3003213187,45,"(""Alzheimer's disease"" OR Alzheimer's OR ""Alzheimer disease"" OR ""prodromal Alzheimer's disease"" OR ""preclinical Alzheimer's disease"" OR ""dementia due to Alzheimer's disease"") AND (""artificial intelligence"" OR AI OR ""machine learning"" OR ""deep learning"" OR ""neural network"" OR ""natural language processing"" OR ""computer vision"" OR ""computational intelligence"")",Tier 0: anchor and all main topics.,tier_0_all_main,tier_0_all_main,field_relaxed,0,false,999,include,high,The title contains both main topics: Alzheimer's disease and artificial intelligence.,yes,0,alzheimers_disease; artificial_intelligence,,,llm_screened,no,,
10_1016_j_measurement_2020_108838,A deep convolutional neural network based computer aided diagnosis system for the prediction of Alzheimer's disease in MRI images,2020,10.1016/j.measurement.2020.108838,openalex,https://openalex.org/W3112492401,47,"(""Alzheimer's disease"" OR Alzheimer's OR ""Alzheimer disease"" OR ""prodromal Alzheimer's disease"" OR ""preclinical Alzheimer's disease"" OR ""dementia due to Alzheimer's disease"") AND (""artificial intelligence"" OR AI OR ""machine learning"" OR ""deep learning"" OR ""neural network"" OR ""natural language processing"" OR ""computer vision"" OR ""computational intelligence"")",Tier 0: anchor and all main topics.,tier_0_all_main,tier_0_all_main,field_relaxed,0,false,0,include,high,Deterministic title-strict tier-0 retrieval match: anchor and all main topics matched in the title.,yes,0,alzheimers_disease; artificial_intelligence,,,deterministic_include,no,,
10_1016_j_ijhcs_2021_102761,Exploiting linguistic information from Nepali transcripts for early detection of Alzheimer's disease using natural language processing and machine learning techniques,2021,10.1016/j.ijhcs.2021.102761,openalex,https://openalex.org/W4200554941,49,"(""Alzheimer's disease"" OR Alzheimer's OR ""Alzheimer disease"" OR ""prodromal Alzheimer's disease"" OR ""preclinical Alzheimer's disease"" OR ""dementia due to Alzheimer's disease"") AND (""artificial intelligence"" OR AI OR ""machine learning"" OR ""deep learning"" OR ""neural network"" OR ""natural language processing"" OR ""computer vision"" OR ""computational intelligence"")",Tier 0: anchor and all main topics.,tier_0_all_main,tier_0_all_main,field_relaxed,0,false,0,include,high,Deterministic title-strict tier-0 retrieval match: anchor and all main topics matched in the title.,yes,0,alzheimers_disease; artificial_intelligence,,,deterministic_include,no,,
10_1016_j_patcog_2022_109031,Transformed domain convolutional neural network for Alzheimer's disease diagnosis using structural MRI,2022,10.1016/j.patcog.2022.109031,openalex,https://openalex.org/W4294838927,50,"(""Alzheimer's disease"" OR Alzheimer's OR ""Alzheimer disease"" OR ""prodromal Alzheimer's disease"" OR ""preclinical Alzheimer's disease"" OR ""dementia due to Alzheimer's disease"") AND (""artificial intelligence"" OR AI OR ""machine learning"" OR ""deep learning"" OR ""neural network"" OR ""natural language processing"" OR ""computer vision"" OR ""computational intelligence"")",Tier 0: anchor and all main topics.,tier_0_all_main,tier_0_all_main,field_relaxed,0,false,0,include,high,Deterministic title-strict tier-0 retrieval match: anchor and all main topics matched in the title.,yes,0,alzheimers_disease; artificial_intelligence,,,deterministic_include,no,,
10_1007_978_981_15_5546_6_50,Deep Learning-Based Alzheimer Disease Detection,2020,10.1007/978-981-15-5546-6_50,openalex,https://openalex.org/W3181011402,51,"(""Alzheimer's disease"" OR Alzheimer's OR ""Alzheimer disease"" OR ""prodromal Alzheimer's disease"" OR ""preclinical Alzheimer's disease"" OR ""dementia due to Alzheimer's disease"") AND (""artificial intelligence"" OR AI OR ""machine learning"" OR ""deep learning"" OR ""neural network"" OR ""natural language processing"" OR ""computer vision"" OR ""computational intelligence"")",Tier 0: anchor and all main topics.,tier_0_all_main,tier_0_all_main,field_relaxed,0,false,0,include,high,Deterministic title-strict tier-0 retrieval match: anchor and all main topics matched in the title.,yes,0,alzheimers_disease; artificial_intelligence,,,deterministic_include,no,,
10_1007_s00500_022_06762_0,RETRACTED ARTICLE: Diagnosis and classification of Alzheimer's disease by using a convolution neural network algorithm,2022,10.1007/s00500-022-06762-0,openalex,https://openalex.org/W4220791357,52,"(""Alzheimer's disease"" OR Alzheimer's OR ""Alzheimer disease"" OR ""prodromal Alzheimer's disease"" OR ""preclinical Alzheimer's disease"" OR ""dementia due to Alzheimer's disease"") AND (""artificial intelligence"" OR AI OR ""machine learning"" OR ""deep learning"" OR ""neural network"" OR ""natural language processing"" OR ""computer vision"" OR ""computational intelligence"")",Tier 0: anchor and all main topics.,tier_0_all_main,tier_0_all_main,field_relaxed,0,false,0,include,high,Deterministic title-strict tier-0 retrieval match: anchor and all main topics matched in the title.,yes,0,alzheimers_disease; artificial_intelligence,,,deterministic_include,no,,
10_1016_j_cmpb_2020_105765,Influence of medical domain knowledge on deep learning for Alzheimer's disease prediction,2020,10.1016/j.cmpb.2020.105765,openalex,https://openalex.org/W3088921056,55,"(""Alzheimer's disease"" OR Alzheimer's OR ""Alzheimer disease"" OR ""prodromal Alzheimer's disease"" OR ""preclinical Alzheimer's disease"" OR ""dementia due to Alzheimer's disease"") AND (""artificial intelligence"" OR AI OR ""machine learning"" OR ""deep learning"" OR ""neural network"" OR ""natural language processing"" OR ""computer vision"" OR ""computational intelligence"")",Tier 0: anchor and all main topics.,tier_0_all_main,tier_0_all_main,field_relaxed,0,false,0,include,high,Deterministic title-strict tier-0 retrieval match: anchor and all main topics matched in the title.,yes,0,alzheimers_disease; artificial_intelligence,,,deterministic_include,no,,
10_1016_j_sab_2020_105931,Diagnosis of Alzheimer's disease using laser-induced breakdown spectroscopy and machine learning,2020,10.1016/j.sab.2020.105931,openalex,https://openalex.org/W3043143645,57,"(""Alzheimer's disease"" OR Alzheimer's OR ""Alzheimer disease"" OR ""prodromal Alzheimer's disease"" OR ""preclinical Alzheimer's disease"" OR ""dementia due to Alzheimer's disease"") AND (""artificial intelligence"" OR AI OR ""machine learning"" OR ""deep learning"" OR ""neural network"" OR ""natural language processing"" OR ""computer vision"" OR ""computational intelligence"")",Tier 0: anchor and all main topics.,tier_0_all_main,tier_0_all_main,field_relaxed,0,false,0,include,high,Deterministic title-strict tier-0 retrieval match: anchor and all main topics matched in the title.,yes,0,alzheimers_disease; artificial_intelligence,,,deterministic_include,no,,
10_1007_s00521_022_07501_0,Deep learning and multimodal feature fusion for the aided diagnosis of Alzheimer's disease,2022,10.1007/s00521-022-07501-0,openalex,https://openalex.org/W4285727776,60,"(""Alzheimer's disease"" OR Alzheimer's OR ""Alzheimer disease"" OR ""prodromal Alzheimer's disease"" OR ""preclinical Alzheimer's disease"" OR ""dementia due to Alzheimer's disease"") AND (""artificial intelligence"" OR AI OR ""machine learning"" OR ""deep learning"" OR ""neural network"" OR ""natural language processing"" OR ""computer vision"" OR ""computational intelligence"")",Tier 0: anchor and all main topics.,tier_0_all_main,tier_0_all_main,field_relaxed,0,false,0,include,high,Deterministic title-strict tier-0 retrieval match: anchor and all main topics matched in the title.,yes,0,alzheimers_disease; artificial_intelligence,,,deterministic_include,no,,
10_1016_j_bios_2024_116128,Surface-functionalized SERS platform for deep learning-assisted diagnosis of Alzheimer's disease,2024,10.1016/j.bios.2024.116128,openalex,https://openalex.org/W4391755449,61,"(""Alzheimer's disease"" OR Alzheimer's OR ""Alzheimer disease"" OR ""prodromal Alzheimer's disease"" OR ""preclinical Alzheimer's disease"" OR ""dementia due to Alzheimer's disease"") AND (""artificial intelligence"" OR AI OR ""machine learning"" OR ""deep learning"" OR ""neural network"" OR ""natural language processing"" OR ""computer vision"" OR ""computational intelligence"")",Tier 0: anchor and all main topics.,tier_0_all_main,tier_0_all_main,field_relaxed,0,false,0,include,high,Deterministic title-strict tier-0 retrieval match: anchor and all main topics matched in the title.,yes,0,alzheimers_disease; artificial_intelligence,,,deterministic_include,no,,
10_1016_j_compbiomed_2024_108035,A hybrid multimodal machine learning model for Detecting Alzheimer's disease,2024,10.1016/j.compbiomed.2024.108035,openalex,https://openalex.org/W4391513260,64,"(""Alzheimer's disease"" OR Alzheimer's OR ""Alzheimer disease"" OR ""prodromal Alzheimer's disease"" OR ""preclinical Alzheimer's disease"" OR ""dementia due to Alzheimer's disease"") AND (""artificial intelligence"" OR AI OR ""machine learning"" OR ""deep learning"" OR ""neural network"" OR ""natural language processing"" OR ""computer vision"" OR ""computational intelligence"")",Tier 0: anchor and all main topics.,tier_0_all_main,tier_0_all_main,field_relaxed,0,false,0,include,high,Deterministic title-strict tier-0 retrieval match: anchor and all main topics matched in the title.,yes,0,alzheimers_disease; artificial_intelligence,,,deterministic_include,no,,
10_1007_s12021_023_09625_7,Automatic Detection of Alzheimer's Disease using Deep Learning Models and Neuro-Imaging: Current Trends and Future Perspectives,2023,10.1007/s12021-023-09625-7,openalex,https://openalex.org/W4323534860,67,"(""Alzheimer's disease"" OR Alzheimer's OR ""Alzheimer disease"" OR ""prodromal Alzheimer's disease"" OR ""preclinical Alzheimer's disease"" OR ""dementia due to Alzheimer's disease"") AND (""artificial intelligence"" OR AI OR ""machine learning"" OR ""deep learning"" OR ""neural network"" OR ""natural language processing"" OR ""computer vision"" OR ""computational intelligence"")",Tier 0: anchor and all main topics.,tier_0_all_main,tier_0_all_main,field_relaxed,0,false,0,include,high,Deterministic title-strict tier-0 retrieval match: anchor and all main topics matched in the title.,yes,0,alzheimers_disease; artificial_intelligence,,,deterministic_include,no,,
10_1016_j_bspc_2023_105215,EAD-DNN: Early Alzheimer's disease prediction using deep neural networks,2023,10.1016/j.bspc.2023.105215,openalex,https://openalex.org/W4384197320,69,"(""Alzheimer's disease"" OR Alzheimer's OR ""Alzheimer disease"" OR ""prodromal Alzheimer's disease"" OR ""preclinical Alzheimer's disease"" OR ""dementia due to Alzheimer's disease"") AND (""artificial intelligence"" OR AI OR ""machine learning"" OR ""deep learning"" OR ""neural network"" OR ""natural language processing"" OR ""computer vision"" OR ""computational intelligence"")",Tier 0: anchor and all main topics.,tier_0_all_main,tier_0_all_main,field_relaxed,0,false,0,include,high,Deterministic title-strict tier-0 retrieval match: anchor and all main topics matched in the title.,yes,0,alzheimers_disease; artificial_intelligence,,,deterministic_include,no,,
10_1016_j_bspc_2024_106023,A review of artificial intelligence methods for Alzheimer's disease diagnosis: Insights from neuroimaging to sensor data analysis,2024,10.1016/j.bspc.2024.106023,openalex,https://openalex.org/W4391830477,74,"(""Alzheimer's disease"" OR Alzheimer's OR ""Alzheimer disease"" OR ""prodromal Alzheimer's disease"" OR ""preclinical Alzheimer's disease"" OR ""dementia due to Alzheimer's disease"") AND (""artificial intelligence"" OR AI OR ""machine learning"" OR ""deep learning"" OR ""neural network"" OR ""natural language processing"" OR ""computer vision"" OR ""computational intelligence"")",Tier 0: anchor and all main topics.,tier_0_all_main,tier_0_all_main,field_relaxed,0,false,0,include,high,Deterministic title-strict tier-0 retrieval match: anchor and all main topics matched in the title.,yes,0,alzheimers_disease; artificial_intelligence,,,deterministic_include,no,,
10_1016_j_compbiomed_2021_104935,Rethinking modeling Alzheimer's disease progression from a multi-task learning perspective with deep recurrent neural network,2021,10.1016/j.compbiomed.2021.104935,openalex,https://openalex.org/W3205206067,86,"(""Alzheimer's disease"" OR Alzheimer's OR ""Alzheimer disease"" OR ""prodromal Alzheimer's disease"" OR ""preclinical Alzheimer's disease"" OR ""dementia due to Alzheimer's disease"") AND (""artificial intelligence"" OR AI OR ""machine learning"" OR ""deep learning"" OR ""neural network"" OR ""natural language processing"" OR ""computer vision"" OR ""computational intelligence"")",Tier 0: anchor and all main topics.,tier_0_all_main,tier_0_all_main,field_relaxed,0,false,0,include,high,Deterministic title-strict tier-0 retrieval match: anchor and all main topics matched in the title.,yes,0,alzheimers_disease; artificial_intelligence,,,deterministic_include,no,,
10_1016_j_asoc_2023_110804,EDCNNS: Federated learning enabled evolutionary deep convolutional neural network for Alzheimer disease detection,2023,10.1016/j.asoc.2023.110804,openalex,https://openalex.org/W4386401852,87,"(""Alzheimer's disease"" OR Alzheimer's OR ""Alzheimer disease"" OR ""prodromal Alzheimer's disease"" OR ""preclinical Alzheimer's disease"" OR ""dementia due to Alzheimer's disease"") AND (""artificial intelligence"" OR AI OR ""machine learning"" OR ""deep learning"" OR ""neural network"" OR ""natural language processing"" OR ""computer vision"" OR ""computational intelligence"")",Tier 0: anchor and all main topics.,tier_0_all_main,tier_0_all_main,field_relaxed,0,false,0,include,high,Deterministic title-strict tier-0 retrieval match: anchor and all main topics matched in the title.,yes,0,alzheimers_disease; artificial_intelligence,,,deterministic_include,no,,
10_1016_j_bspc_2022_104375,"Integrating convolutional neural networks, kNN, and Bayesian optimization for efficient diagnosis of Alzheimer's disease in magnetic resonance images",2022,10.1016/j.bspc.2022.104375,openalex,https://openalex.org/W4308266714,90,"(""Alzheimer's disease"" OR Alzheimer's OR ""Alzheimer disease"" OR ""prodromal Alzheimer's disease"" OR ""preclinical Alzheimer's disease"" OR ""dementia due to Alzheimer's disease"") AND (""artificial intelligence"" OR AI OR ""machine learning"" OR ""deep learning"" OR ""neural network"" OR ""natural language processing"" OR ""computer vision"" OR ""computational intelligence"")",Tier 0: anchor and all main topics.,tier_0_all_main,tier_0_all_main,field_relaxed,0,false,0,include,high,Deterministic title-strict tier-0 retrieval match: anchor and all main topics matched in the title.,yes,0,alzheimers_disease; artificial_intelligence,,,deterministic_include,no,,
10_1016_j_compbiomed_2021_104947,A review on omics-based biomarkers discovery for Alzheimer's disease from the bioinformatics perspectives: Statistical approach vs machine learning approach,2021,10.1016/j.compbiomed.2021.104947,openalex,https://openalex.org/W3207662648,94,"(""Alzheimer's disease"" OR Alzheimer's OR ""Alzheimer disease"" OR ""prodromal Alzheimer's disease"" OR ""preclinical Alzheimer's disease"" OR ""dementia due to Alzheimer's disease"") AND (""artificial intelligence"" OR AI OR ""machine learning"" OR ""deep learning"" OR ""neural network"" OR ""natural language processing"" OR ""computer vision"" OR ""computational intelligence"")",Tier 0: anchor and all main topics.,tier_0_all_main,tier_0_all_main,field_relaxed,0,false,0,include,high,Deterministic title-strict tier-0 retrieval match: anchor and all main topics matched in the title.,yes,0,alzheimers_disease; artificial_intelligence,artificial_intelligence:bioinformatics,,deterministic_include,no,,
10_1109_jbhi_2022_3215533,Conv-eRVFL: Convolutional Neural Network Based Ensemble RVFL Classifier for Alzheimer's Disease Diagnosis,2022,10.1109/jbhi.2022.3215533,openalex,https://openalex.org/W4306831518,101,"(""Alzheimer's disease"" OR Alzheimer's OR ""Alzheimer disease"" OR ""prodromal Alzheimer's disease"" OR ""preclinical Alzheimer's disease"" OR ""dementia due to Alzheimer's disease"") AND (""artificial intelligence"" OR AI OR ""machine learning"" OR ""deep learning"" OR ""neural network"" OR ""natural language processing"" OR ""computer vision"" OR ""computational intelligence"")",Tier 0: anchor and all main topics.,tier_0_all_main,tier_0_all_main,field_relaxed,0,false,0,include,high,Deterministic title-strict tier-0 retrieval match: anchor and all main topics matched in the title.,yes,0,alzheimers_disease; artificial_intelligence,,,deterministic_include,no,,
10_1002_alz_70175,Early detection of Alzheimer's disease using deep learning methods,2025,10.1002/alz.70175,openalex,https://openalex.org/W4410334621,102,"(""Alzheimer's disease"" OR Alzheimer's OR ""Alzheimer disease"" OR ""prodromal Alzheimer's disease"" OR ""preclinical Alzheimer's disease"" OR ""dementia due to Alzheimer's disease"") AND (""artificial intelligence"" OR AI OR ""machine learning"" OR ""deep learning"" OR ""neural network"" OR ""natural language processing"" OR ""computer vision"" OR ""computational intelligence"")",Tier 0: anchor and all main topics.,tier_0_all_main,tier_0_all_main,field_relaxed,0,false,0,include,high,Deterministic title-strict tier-0 retrieval match: anchor and all main topics matched in the title.,yes,0,alzheimers_disease; artificial_intelligence,,,deterministic_include,no,,
10_1111_1475_6773_14210,Natural language processing to identify social determinants of health in Alzheimer's disease and related dementia from electronic health records,2023,10.1111/1475-6773.14210,openalex,https://openalex.org/W4385501660,103,"(""Alzheimer's disease"" OR Alzheimer's OR ""Alzheimer disease"" OR ""prodromal Alzheimer's disease"" OR ""preclinical Alzheimer's disease"" OR ""dementia due to Alzheimer's disease"") AND (""artificial intelligence"" OR AI OR ""machine learning"" OR ""deep learning"" OR ""neural network"" OR ""natural language processing"" OR ""computer vision"" OR ""computational intelligence"")",Tier 0: anchor and all main topics.,tier_0_all_main,tier_0_all_main,field_relaxed,0,false,0,include,high,Deterministic title-strict tier-0 retrieval match: anchor and all main topics matched in the title.,yes,0,alzheimers_disease; artificial_intelligence,,,deterministic_include,no,,
