paper_id,title,year,doi,provider,provider_id,source_rank,source_query,source_query_reason,screening_decision,screening_confidence,screening_reason,title_anchor_present,title_relevance_tier,title_matched_main_topics,title_matched_secondary_topics,title_missing_main_topics
10_1016_j_watres_2019_02_054,Microplastics in freshwaters and drinking water: Critical review and assessment of data quality,2019,10.1016/j.watres.2019.02.054,openalex,https://openalex.org/W2918895016,1,microplastics in drinking water,Direct examination of microplastics in drinking water.,include,high,The title includes the anchor topic and both main topics.,yes,0,microplastics_health_risks; drinking_water_sources,,
10_60810_openumwelt_3831,Microplastics in drinking-water,2019,10.60810/openumwelt-3831,openalex,https://openalex.org/W2972951570,2,microplastics in drinking water,Direct examination of microplastics in drinking water.,include,high,"The title directly addresses microplastics in drinking water, matching both the anchor topic and all main topics.",yes,0,microplastics_health_risks; drinking_water_sources,,
10_1016_j_watres_2020_116519,Drinking plastics? – Quantification and qualification of microplastics in drinking water distribution systems by µFTIR and Py-GCMS,2020,10.1016/j.watres.2020.116519,openalex,https://openalex.org/W3093039937,6,microplastics in drinking water,Direct examination of microplastics in drinking water.,include,high,The title contains both the anchor topic and all main topics.,yes,0,microplastics_health_risks; drinking_water_sources,,
10_1007_s00216_021_03498_y,Analysis of microplastics in drinking water and other clean water samples with micro-Raman and micro-infrared spectroscopy: minimum requirements and best practice guidelines,2021,10.1007/s00216-021-03498-y,openalex,https://openalex.org/W3183588047,11,microplastics in drinking water,Direct examination of microplastics in drinking water.,include,high,The title includes the anchor topic and both main topics.,yes,0,microplastics_health_risks; drinking_water_sources,,
10_1021_acs_est_9b04535,"A Review of Microplastics in Table Salt, Drinking Water, and Air: Direct Human Exposure",2020,10.1021/acs.est.9b04535,openalex,https://openalex.org/W3010537688,12,microplastics in drinking water,Direct examination of microplastics in drinking water.,exclude,high,Missing main topic(s) without secondary replacement: drinking_water_sources.,yes,999,microplastics_health_risks,,drinking_water_sources
10_2166_ws_2022_189,Microplastics in drinking water: a macro issue,2022,10.2166/ws.2022.189,openalex,https://openalex.org/W4225390979,14,microplastics in drinking water,Direct examination of microplastics in drinking water.,include,high,The title contains the anchor topic and both main topics.,yes,0,microplastics_health_risks; drinking_water_sources,,
10_1016_j_scitotenv_2019_134625,"Microplastics in wild fish from North East Atlantic Ocean and its potential for causing neurotoxic effects, lipid oxidative damage, and human health risks associated with ingestion exposure",2019,10.1016/j.scitotenv.2019.134625,openalex,https://openalex.org/W2988186114,17,health risks from microplastics,Exploring the health implications of microplastics.,include,high,The title contains the anchor topic on health risks of microplastics and has a secondary replacement for the drinking water sources topic.,yes,1,microplastics_health_risks,drinking_water_sources:microplastics source tracing,drinking_water_sources
10_3390_toxics13070597,"Health Risks from Microplastics in Intravenous Infusions: Evidence from Italy, Spain, and Ecuador",2025,10.3390/toxics13070597,openalex,https://openalex.org/W4412477478,18,health risks from microplastics,Exploring the health implications of microplastics.,exclude,medium,Missing main topic(s) without secondary replacement: drinking_water_sources.,yes,999,microplastics_health_risks,,drinking_water_sources
10_3390_ma16020674,Microplastics Derived from Food Packaging Waste—Their Origin and Health Risks,2023,10.3390/ma16020674,openalex,https://openalex.org/W4315573205,19,health risks from microplastics,Exploring the health implications of microplastics.,include,medium,The title contains the anchor topic and a secondary replacement for the non-anchor main topic.,yes,1,microplastics_health_risks,drinking_water_sources:microplastics source tracing,drinking_water_sources
10_1016_j_etap_2023_104307,Human health risk assessment of potentially toxic elements and microplastics accumulation in products from the Danube River Basin fish market,2023,10.1016/j.etap.2023.104307,openalex,https://openalex.org/W4388068402,27,health risks from microplastics,Exploring the health implications of microplastics.,include,medium,The title addresses health risks related to microplastics and includes a relevant secondary term for the drinking water sources.,yes,1,microplastics_health_risks,drinking_water_sources:microplastics source tracing,drinking_water_sources
10_3390_ijerph14101265,Wear and Tear of Tyres: A Stealthy Source of Microplastics in the Environment,2017,10.3390/ijerph14101265,openalex,https://openalex.org/W2766101344,29,health risks from microplastics,Exploring the health implications of microplastics.,exclude,low,Anchor topic 'microplastics_health_risks' is not present in the title.,no,999,,,microplastics_health_risks; drinking_water_sources
10_1038_srep46687,Tissue accumulation of microplastics in mice and biomarker responses suggest widespread health risks of exposure,2017,10.1038/srep46687,openalex,https://openalex.org/W2608368045,30,health risks from microplastics,Exploring the health implications of microplastics.,exclude,medium,Missing main topic(s) without secondary replacement: drinking_water_sources.,yes,999,microplastics_health_risks,,drinking_water_sources
10_1029_2018jc014719,A Global Perspective on Microplastics,2020,10.1029/2018jc014719,openalex,https://openalex.org/W2999690316,32,health risks from microplastics,Exploring the health implications of microplastics.,exclude,low,Anchor topic 'microplastics_health_risks' is not present in the title.,no,999,,,microplastics_health_risks; drinking_water_sources
10_3390_s19081839,Microplastics Detection in Streaming Tap Water with Raman Spectroscopy,2019,10.3390/s19081839,openalex,https://openalex.org/W2937900856,34,tap water microplastics,Focusing on microplastics present specifically in tap water.,include,high,The title includes the anchor topic and a matched secondary replacement for the non-anchor main topic.,yes,1,microplastics_health_risks,drinking_water_sources:tap water contamination|microplastics in water supply,drinking_water_sources
10_3390_ijerph19095283,Occurrence of Microplastics in Tap and Bottled Water: Current Knowledge,2022,10.3390/ijerph19095283,openalex,https://openalex.org/W4224988818,35,tap water microplastics,Focusing on microplastics present specifically in tap water.,include,high,The title contains the anchor topic and both main topics.,yes,0,microplastics_health_risks; drinking_water_sources,,
10_3390_app10103463,Microplastic Contamination of Surface Water-Sourced Tap Water in Hong Kong—A Preliminary Study,2020,10.3390/app10103463,openalex,https://openalex.org/W3025992662,37,tap water microplastics,Focusing on microplastics present specifically in tap water.,include,medium,The title contains the anchor topic and a matched secondary term for the non-anchor main topic.,yes,1,microplastics_health_risks,drinking_water_sources:tap water microplastics,drinking_water_sources
10_1080_00032719_2019_1705476,"Distribution Characteristics and Influencing Factors of Microplastics in Urban Tap Water and Water Sources in Qingdao, China",2019,10.1080/00032719.2019.1705476,openalex,https://openalex.org/W2997361884,38,tap water microplastics,Focusing on microplastics present specifically in tap water.,include,high,The title includes the anchor topic and matches both main topics.,yes,0,microplastics_health_risks; drinking_water_sources,,
10_1021_acs_est_9b01517,Human Consumption of Microplastics,2019,10.1021/acs.est.9b01517,openalex,https://openalex.org/W2948574679,40,tap water microplastics,Focusing on microplastics present specifically in tap water.,exclude,medium,Missing main topic(s) without secondary replacement: drinking_water_sources.,yes,999,microplastics_health_risks,,drinking_water_sources
10_1016_j_scitotenv_2021_148231,Rapid analytical method for characterization and quantification of microplastics in tap water using a Fourier-transform infrared microscope,2021,10.1016/j.scitotenv.2021.148231,openalex,https://openalex.org/W3166739877,41,tap water microplastics,Focusing on microplastics present specifically in tap water.,include,high,The title contains the anchor topic and matches the main and secondary topics regarding microplastics in drinking water.,yes,1,microplastics_health_risks,drinking_water_sources:tap water contamination|microplastics in water supply,drinking_water_sources
10_3390_w13152097,A Study of Microplastic Particles in Danish Tap Water,2021,10.3390/w13152097,openalex,https://openalex.org/W3187350657,43,tap water microplastics,Focusing on microplastics present specifically in tap water.,include,high,The title contains the anchor topic and both main topics directly related to microplastics and drinking water.,yes,0,microplastics_health_risks; drinking_water_sources,,
10_1021_acs_estlett_4c00081,Drinking Boiled Tap Water Reduces Human Intake of Nanoplastics and Microplastics,2024,10.1021/acs.estlett.4c00081,openalex,https://openalex.org/W4392240109,47,tap water microplastics,Focusing on microplastics present specifically in tap water.,include,high,The title contains the anchor topic 'microplastics_health_risks' and matches a secondary topic replacement for 'drinking_water_sources'.,yes,1,microplastics_health_risks,drinking_water_sources:tap water microplastics,drinking_water_sources
10_3390_su13116404,"Presence and Quantification of Microplastic in Urban Tap Water: A Pre-Screening in Brasilia, Brazil",2021,10.3390/su13116404,openalex,https://openalex.org/W3169485728,48,tap water microplastics,Focusing on microplastics present specifically in tap water.,include,high,The title contains both the anchor topic and the main topics.,yes,0,drinking_water_sources; microplastics_health_risks,,
10_1016_j_hazadv_2024_100487,Human exposure to microplastics: A review on exposure routes and public health impacts,2024,10.1016/j.hazadv.2024.100487,openalex,https://openalex.org/W4402999793,50,public health microplastics,Investigating the public health dimensions of microplastics.,include,high,The title discusses human health impacts related to microplastics and includes a relevant secondary topic for drinking water sources.,yes,1,microplastics_health_risks,drinking_water_sources:environmental pollution drinking water|microplastics source tracing,drinking_water_sources
10_1016_j_envint_2019_105411,Atmospheric microplastic deposition in an urban environment and an evaluation of transport,2019,10.1016/j.envint.2019.105411,openalex,https://openalex.org/W2998576579,51,public health microplastics,Investigating the public health dimensions of microplastics.,exclude,low,Anchor topic 'microplastics_health_risks' is not present in the title.,no,999,,,microplastics_health_risks; drinking_water_sources
10_3389_fpubh_2025_1567200,Microplastics and human health: unraveling the toxicological pathways and implications for public health,2025,10.3389/fpubh.2025.1567200,openalex,https://openalex.org/W4411395127,53,public health microplastics,Investigating the public health dimensions of microplastics.,include,high,The title contains the anchor topic and a secondary replacement for the non-anchor main topic.,yes,1,microplastics_health_risks,drinking_water_sources:environmental pollution drinking water|microplastics source tracing,drinking_water_sources
10_7416_ai_2020_2377,"A survey on knowledge and awareness on the issue ""microplastics"": a pilot study on a sample of future public health professionals.",2021,10.7416/ai.2020.2377,openalex,https://openalex.org/W3048153723,54,public health microplastics,Investigating the public health dimensions of microplastics.,exclude,low,Anchor topic 'microplastics_health_risks' is not present in the title.,no,999,,,microplastics_health_risks; drinking_water_sources
10_5620_eaht_2024009,Microplastic pollution in landfill soil: Emerging threats the environmental and public health,2024,10.5620/eaht.2024009,openalex,https://openalex.org/W4393164985,55,public health microplastics,Investigating the public health dimensions of microplastics.,exclude,high,Anchor topic 'microplastics_health_risks' is not present in the title.,no,999,,,microplastics_health_risks; drinking_water_sources
10_1021_acs_chemrev_1c00178,"Chemical Analysis of Microplastics and Nanoplastics: Challenges, Advanced Methods, and Perspectives",2021,10.1021/acs.chemrev.1c00178,openalex,https://openalex.org/W3196228331,56,public health microplastics,Investigating the public health dimensions of microplastics.,exclude,low,Anchor topic 'microplastics_health_risks' is not present in the title.,no,999,,,microplastics_health_risks; drinking_water_sources
10_1016_j_cscee_2020_100073,Microplastic toxicity: A review of the role of marine sentinel species in assessing the environmental and public health impacts,2020,10.1016/j.cscee.2020.100073,openalex,https://openalex.org/W3113597590,57,public health microplastics,Investigating the public health dimensions of microplastics.,exclude,low,Anchor topic 'microplastics_health_risks' is not present in the title.,no,999,,,microplastics_health_risks; drinking_water_sources
10_1088_1755_1315_993_1_012019,The effects of microplastics in oceans and marine environment on public health – a mini-review,2022,10.1088/1755-1315/993/1/012019,openalex,https://openalex.org/W4220771949,58,public health microplastics,Investigating the public health dimensions of microplastics.,exclude,high,Anchor topic 'microplastics_health_risks' is not present in the title.,no,999,,,microplastics_health_risks; drinking_water_sources
10_1126_sciadv_aap8060,Organic fertilizer as a vehicle for the entry of microplastic into the environment,2018,10.1126/sciadv.aap8060,openalex,https://openalex.org/W2795561737,59,public health microplastics,Investigating the public health dimensions of microplastics.,exclude,low,Anchor topic 'microplastics_health_risks' is not present in the title.,no,999,,,microplastics_health_risks; drinking_water_sources
10_1016_j_emcon_2024_100325,Microplastics and heavy metals in freshwater fish species in the southwestern region of Bangladesh: An emerging concern for public health,2024,10.1016/j.emcon.2024.100325,openalex,https://openalex.org/W4392202373,60,public health microplastics,Investigating the public health dimensions of microplastics.,exclude,low,Missing main topic(s) without secondary replacement: drinking_water_sources.,yes,999,microplastics_health_risks,,drinking_water_sources
10_3390_su151410821,Microplastics as an Emerging Threat to the Global Environment and Human Health,2023,10.3390/su151410821,openalex,https://openalex.org/W4383911606,63,public health microplastics,Investigating the public health dimensions of microplastics.,include,medium,The title includes the anchor topic and a secondary replacement for the missing non-anchor main topic.,yes,1,microplastics_health_risks,drinking_water_sources:environmental pollution drinking water|microplastics source tracing,drinking_water_sources
10_34098_2078_3949_37_3_4,"MICROPLASTICS: A CONTAMINANT THAT GROWS IN ALL ENVIRONMENTAL AREAS, ITS CHARACTERISTICS AND POSSIBLE RISKS TO PUBLIC HEALTH FROM EXPOSURE",2020,10.34098/2078-3949.37.3.4,openalex,https://openalex.org/W3126521157,64,public health microplastics,Investigating the public health dimensions of microplastics.,exclude,low,Anchor topic 'microplastics_health_risks' is not present in the title.,no,999,,,microplastics_health_risks; drinking_water_sources
10_1021_acs_est_6b04054,Microplastic Exposure Assessment in Aquatic Environments: Learning from Similarities and Differences to Engineered Nanoparticles,2017,10.1021/acs.est.6b04054,openalex,https://openalex.org/W2580108903,65,microplastics exposure assessment,Assessment of exposure levels to microplastics.,exclude,low,Anchor topic 'microplastics_health_risks' is not present in the title.,no,999,,,microplastics_health_risks; drinking_water_sources
10_1002_etc_4323,Toward an ecotoxicological risk assessment of microplastics: Comparison of available hazard and exposure data in freshwaters,2018,10.1002/etc.4323,openalex,https://openalex.org/W2902495387,67,microplastics exposure assessment,Assessment of exposure levels to microplastics.,include,low,"The title does not include specific terms related to drinking water sources, which is required for inclusion.",yes,1,microplastics_health_risks,drinking_water_sources:microplastics source tracing,drinking_water_sources
10_1016_j_envint_2023_108150,"Microplastics: Human exposure assessment through air, water, and food",2023,10.1016/j.envint.2023.108150,openalex,https://openalex.org/W4385814268,68,microplastics exposure assessment,Assessment of exposure levels to microplastics.,include,medium,The title includes the anchor topic and substitutes a missing main topic with a relevant secondary term.,yes,1,microplastics_health_risks,drinking_water_sources:microplastics source tracing,drinking_water_sources
10_1080_19440049_2018_1543957,Microplastic in bottled natural mineral water – literature review and considerations on exposure and risk assessment,2018,10.1080/19440049.2018.1543957,openalex,https://openalex.org/W2901368925,70,microplastics exposure assessment,Assessment of exposure levels to microplastics.,include,high,The candidate title does not include all main topics; it lacks a direct match to 'drinking_water_sources'.,yes,1,microplastics_health_risks,drinking_water_sources:microplastics source tracing,drinking_water_sources
10_1016_j_ecoenv_2022_114260,"Potential risk of microplastics in processed foods: Preliminary risk assessment concerning polymer types, abundance, and human exposure of microplastics",2022,10.1016/j.ecoenv.2022.114260,openalex,https://openalex.org/W4308500246,75,microplastics exposure assessment,Assessment of exposure levels to microplastics.,exclude,high,Missing main topic(s) without secondary replacement: drinking_water_sources.,yes,999,microplastics_health_risks,,drinking_water_sources
10_1289_ehp11600,"Assessment of Nonalcoholic Fatty Liver Disease Symptoms and Gut–Liver Axis Status in Zebrafish after Exposure to Polystyrene Microplastics and Oxytetracycline, Alone and in Combination",2023,10.1289/ehp11600,openalex,https://openalex.org/W4362692004,77,microplastics exposure assessment,Assessment of exposure levels to microplastics.,exclude,low,Missing main topic(s) without secondary replacement: drinking_water_sources.,yes,999,microplastics_health_risks,,drinking_water_sources
10_1016_j_marpolbul_2018_05_047,"Marine microplastic debris: An emerging issue for food security, food safety and human health",2018,10.1016/j.marpolbul.2018.05.047,openalex,https://openalex.org/W2809418529,78,microplastics exposure assessment,Assessment of exposure levels to microplastics.,exclude,low,Anchor topic 'microplastics_health_risks' is not present in the title.,no,999,,,microplastics_health_risks; drinking_water_sources
10_1021_es302332w,Uptake and Effects of Microplastics on Cells and Tissue of the Blue Mussel <i>Mytilus edulis</i> L. after an Experimental Exposure,2012,10.1021/es302332w,openalex,https://openalex.org/W2080154049,79,microplastics exposure assessment,Assessment of exposure levels to microplastics.,exclude,low,Anchor topic 'microplastics_health_risks' is not present in the title.,no,999,,,microplastics_health_risks; drinking_water_sources
10_3390_w13060841,From the Well to the Bottle: Identifying Sources of Microplastics in Mineral Water,2021,10.3390/w13060841,openalex,https://openalex.org/W3137433286,88,bottled water microplastics,Exploring microplastics in bottled water sources.,exclude,high,Anchor topic 'microplastics_health_risks' is not present in the title.,no,999,,,microplastics_health_risks; drinking_water_sources
10_1080_03067319_2021_1982926,Microplastics pollution indices of bottled water from South Eastern Nigeria,2021,10.1080/03067319.2021.1982926,openalex,https://openalex.org/W3205247204,95,bottled water microplastics,Exploring microplastics in bottled water sources.,exclude,low,Anchor topic 'microplastics_health_risks' is not present in the title.,no,999,,,microplastics_health_risks; drinking_water_sources
10_2166_wh_2021_025,Generation of microplastics from the opening and closing of disposable plastic water bottles,2021,10.2166/wh.2021.025,openalex,https://openalex.org/W3156428370,96,bottled water microplastics,Exploring microplastics in bottled water sources.,include,high,The title does not contain the anchor topic 'microplastics_health_risks'.,yes,1,microplastics_health_risks,drinking_water_sources:bottled water microplastics,drinking_water_sources
10_3390_ijerph17051509,Toxicity of Microplastics and Nanoplastics in Mammalian Systems,2020,10.3390/ijerph17051509,openalex,https://openalex.org/W3007155206,98,toxicity of microplastics,Understanding the toxicological effects of microplastics on health.,exclude,low,Anchor topic 'microplastics_health_risks' is not present in the title.,no,999,,,microplastics_health_risks; drinking_water_sources
10_1021_acs_est_6b00183,Uptake and Accumulation of Polystyrene Microplastics in Zebrafish (<i>Danio rerio</i>) and Toxic Effects in Liver,2016,10.1021/acs.est.6b00183,openalex,https://openalex.org/W2295281563,103,toxicity of microplastics,Understanding the toxicological effects of microplastics on health.,exclude,high,Anchor topic 'microplastics_health_risks' is not present in the title.,no,999,,,microplastics_health_risks; drinking_water_sources
10_1016_j_jhazmat_2021_128151,From properties to toxicity: Comparing microplastics to other airborne microparticles,2022,10.1016/j.jhazmat.2021.128151,openalex,https://openalex.org/W4205619390,107,toxicity of microplastics,Understanding the toxicological effects of microplastics on health.,exclude,low,Anchor topic 'microplastics_health_risks' is not present in the title.,no,999,,,microplastics_health_risks; drinking_water_sources
10_1007_s10311_023_01593_3,"Microplastic sources, formation, toxicity and remediation: a review",2023,10.1007/s10311-023-01593-3,openalex,https://openalex.org/W4362553834,108,toxicity of microplastics,Understanding the toxicological effects of microplastics on health.,exclude,high,Anchor topic 'microplastics_health_risks' is not present in the title.,no,999,,,microplastics_health_risks; drinking_water_sources
10_1016_j_envpol_2018_07_069,Risk assessment of microplastics in the ocean: Modelling approach and first conclusions,2018,10.1016/j.envpol.2018.07.069,openalex,https://openalex.org/W2884034436,117,microplastics risk assessment,Evaluating risks associated with microplastic exposure.,exclude,low,Anchor topic 'microplastics_health_risks' is not present in the title.,no,999,,,microplastics_health_risks; drinking_water_sources
10_1016_j_marpolbul_2021_111969,Assessment of potential ecological risk of microplastics in the coastal sediments of India: A meta-analysis,2021,10.1016/j.marpolbul.2021.111969,openalex,https://openalex.org/W3121519551,120,microplastics risk assessment,Evaluating risks associated with microplastic exposure.,exclude,high,Anchor topic 'microplastics_health_risks' is not present in the title.,no,999,,,microplastics_health_risks; drinking_water_sources
10_1016_j_ecoenv_2020_111477,"Seasonal variation and risk assessment of microplastics in surface water of the Manas River Basin, China",2020,10.1016/j.ecoenv.2020.111477,openalex,https://openalex.org/W3093551401,122,microplastics risk assessment,Evaluating risks associated with microplastic exposure.,exclude,low,Anchor topic 'microplastics_health_risks' is not present in the title.,no,999,,,microplastics_health_risks; drinking_water_sources
10_1038_s41598_022_12296_0,"Spatial distribution and risk assessments due to the microplastics pollution in sediments of Karnaphuli River Estuary, Bangladesh",2022,10.1038/s41598-022-12296-0,openalex,https://openalex.org/W4281249415,124,microplastics risk assessment,Evaluating risks associated with microplastic exposure.,exclude,low,Anchor topic 'microplastics_health_risks' is not present in the title.,no,999,,,microplastics_health_risks; drinking_water_sources
10_1021_acs_est_0c03057,Quality Criteria for Microplastic Effect Studies in the Context of Risk Assessment: A Critical Review,2020,10.1021/acs.est.0c03057,openalex,https://openalex.org/W3081526152,125,microplastics risk assessment,Evaluating risks associated with microplastic exposure.,exclude,low,Anchor topic 'microplastics_health_risks' is not present in the title.,no,999,,,microplastics_health_risks; drinking_water_sources
10_1016_j_envint_2020_106141,Clarifying the absence of evidence regarding human health risks to microplastic particles in drinking-water: High quality robust data wanted,2020,10.1016/j.envint.2020.106141,openalex,https://openalex.org/W3091932495,134,microplastics in drinking water health risks,Provider-specific primary query.,exclude,medium,Missing main topic(s) without secondary replacement: drinking_water_sources.,yes,999,microplastics_health_risks,,drinking_water_sources
10_1021_acs_est_1c03924,Analysis of Microplastics in Human Feces Reveals a Correlation between Fecal Microplastics and Inflammatory Bowel Disease Status,2021,10.1021/acs.est.1c03924,openalex,https://openalex.org/W4200605805,135,microplastics in drinking water health risks,Provider-specific primary query.,exclude,high,Anchor topic 'microplastics_health_risks' is not present in the title.,no,999,,,microplastics_health_risks; drinking_water_sources
10_3390_toxics9090224,"Microplastics in the Environment: Intake through the Food Web, Human Exposure and Toxicological Effects",2021,10.3390/toxics9090224,openalex,https://openalex.org/W3200098457,138,microplastics in drinking water health risks,Provider-specific primary query.,exclude,high,Anchor topic 'microplastics_health_risks' is not present in the title.,no,999,,,microplastics_health_risks; drinking_water_sources
10_1371_journal_pone_0236838,Microplastic contamination of drinking water: A systematic review,2020,10.1371/journal.pone.0236838,openalex,https://openalex.org/W3045011717,141,microplastics in drinking water health risks,Provider-specific primary query.,include,high,"The title contains the anchor topic and both main topics, fitting all criteria.",yes,0,microplastics_health_risks; drinking_water_sources,,
10_1016_j_scitotenv_2022_153730,Human health concerns regarding microplastics in the aquatic environment - From marine to food systems,2022,10.1016/j.scitotenv.2022.153730,openalex,https://openalex.org/W4210893740,143,microplastics in drinking water health risks,Provider-specific primary query.,exclude,low,Anchor topic 'microplastics_health_risks' is not present in the title.,no,999,,,microplastics_health_risks; drinking_water_sources
10_3390_ijerph19031174,Microplastics as Emerging Food Contaminants: A Challenge for Food Safety,2022,10.3390/ijerph19031174,openalex,https://openalex.org/W4206502483,160,microplastics risk assessment drinking water,Alternate planned search string.,exclude,high,Anchor topic 'microplastics_health_risks' is not present in the title.,no,999,,,microplastics_health_risks; drinking_water_sources
10_1021_acs_est_7b00423,Plastic and Human Health: A Micro Issue?,2017,10.1021/acs.est.7b00423,openalex,https://openalex.org/W2620099204,161,toxicity microplastics ingestion human health,Alternate planned search string.,exclude,low,Anchor topic 'microplastics_health_risks' is not present in the title.,no,999,,,microplastics_health_risks; drinking_water_sources
10_1007_s40572_018_0206_z,Microplastics in Seafood and the Implications for Human Health,2018,10.1007/s40572-018-0206-z,openalex,https://openalex.org/W2885126584,163,toxicity microplastics ingestion human health,Alternate planned search string.,exclude,high,Anchor topic 'microplastics_health_risks' is not present in the title.,no,999,,,microplastics_health_risks; drinking_water_sources
10_1186_s12989_020_00387_7,Immunotoxicity and intestinal effects of nano- and microplastics: a review of the literature,2020,10.1186/s12989-020-00387-7,openalex,https://openalex.org/W3100716142,166,toxicity microplastics ingestion human health,Alternate planned search string.,include,medium,"The anchor topic is present, but the main topic 'drinking_water_sources' has no matching secondary replacement.",yes,1,microplastics_health_risks,drinking_water_sources:toxicity microplastics ingestion human health,drinking_water_sources
10_3390_polym14132700,Raman Microspectroscopy Detection and Characterisation of Microplastics in Human Breastmilk,2022,10.3390/polym14132700,openalex,https://openalex.org/W4283758418,170,toxicity microplastics ingestion human health,Alternate planned search string.,exclude,low,Anchor topic 'microplastics_health_risks' is not present in the title.,no,999,,,microplastics_health_risks; drinking_water_sources
10_1021_envhealth_3c00053,Human Exposure to Microplastics and Its Associated Health Risks,2023,10.1021/envhealth.3c00053,openalex,https://openalex.org/W4385478093,175,toxicity microplastics ingestion human health,Alternate planned search string.,include,high,The title contains the anchor topic and matches the secondary topic for the missing non-anchor main topic.,yes,1,microplastics_health_risks,drinking_water_sources:microplastics source tracing,drinking_water_sources
10_3390_ijerph20010789,Microplastics in Fish and Fishery Products and Risks for Human Health: A Review,2022,10.3390/ijerph20010789,openalex,https://openalex.org/W4313472052,176,toxicity microplastics ingestion human health,Alternate planned search string.,exclude,medium,Missing main topic(s) without secondary replacement: drinking_water_sources.,yes,999,microplastics_health_risks,,drinking_water_sources
10_1016_j_envint_2020_106274,Plasticenta: First evidence of microplastics in human placenta,2020,10.1016/j.envint.2020.106274,openalex,https://openalex.org/W3109968655,181,exposure assessment microplastics bottled tap water,Alternate planned search string.,exclude,low,Anchor topic 'microplastics_health_risks' is not present in the title.,no,999,,,microplastics_health_risks; drinking_water_sources
10_1016_j_jhazmat_2025_138948,Unveiling the hidden chronic health risks of nano- and microplastics in single-use plastic water bottles: A review,2025,10.1016/j.jhazmat.2025.138948,openalex,https://openalex.org/W4411301916,182,exposure assessment microplastics bottled tap water,Alternate planned search string.,include,medium,The title addresses health risks associated with microplastics (anchor topic) and includes a secondary topic replacement for drinking water sources.,yes,1,microplastics_health_risks,drinking_water_sources:microplastics source tracing,drinking_water_sources
10_1371_journal_pone_0194970,"Anthropogenic contamination of tap water, beer, and sea salt",2018,10.1371/journal.pone.0194970,openalex,https://openalex.org/W2808334666,184,exposure assessment microplastics bottled tap water,Alternate planned search string.,exclude,low,Anchor topic 'microplastics_health_risks' is not present in the title.,no,999,,,microplastics_health_risks; drinking_water_sources
10_3390_nano11020496,Impact of Microplastics and Nanoplastics on Human Health,2021,10.3390/nano11020496,openalex,https://openalex.org/W3129687012,186,exposure assessment microplastics bottled tap water,Alternate planned search string.,include,medium,The title includes the anchor topic and a secondary term for the missing non-anchor main topic.,yes,1,microplastics_health_risks,drinking_water_sources:microplastics source tracing,drinking_water_sources
10_3389_fendo_2021_724989,A Review of Human Exposure to Microplastics and Insights Into Microplastics as Obesogens,2021,10.3389/fendo.2021.724989,openalex,https://openalex.org/W3196209586,188,exposure assessment microplastics bottled tap water,Alternate planned search string.,include,medium,The title lacks a direct match for secondary replacements for all non-anchor main topics.,yes,1,microplastics_health_risks,drinking_water_sources:microplastics source tracing,drinking_water_sources
10_1016_j_scitotenv_2018_10_166,Microfibres from apparel and home textiles: Prospects for including microplastics in environmental sustainability assessment,2018,10.1016/j.scitotenv.2018.10.166,openalex,https://openalex.org/W2896825211,190,exposure assessment microplastics bottled tap water,Alternate planned search string.,exclude,low,Anchor topic 'microplastics_health_risks' is not present in the title.,no,999,,,microplastics_health_risks; drinking_water_sources
10_1016_j_emcon_2025_100552,"MPs in drinking water and beverages: Concentrations, characteristics and implications for human exposure",2025,10.1016/j.emcon.2025.100552,openalex,https://openalex.org/W4413290228,191,exposure assessment microplastics bottled tap water,Alternate planned search string.,include,high,The title includes the anchor topic and matches well with a secondary replacement for the non-anchor main topic.,yes,1,microplastics_health_risks,drinking_water_sources:microplastics in drinking water,drinking_water_sources
10_3184_003685018x15294876706211,Plastic Pollution and Potential Solutions,2018,10.3184/003685018x15294876706211,openalex,https://openalex.org/W2896511627,192,exposure assessment microplastics bottled tap water,Alternate planned search string.,exclude,high,Anchor topic 'microplastics_health_risks' is not present in the title.,no,999,,,microplastics_health_risks; drinking_water_sources
10_1016_j_heliyon_2023_e20440,From oceans to dinner plates: The impact of microplastics on human health,2023,10.1016/j.heliyon.2023.e20440,openalex,https://openalex.org/W4387063430,193,public health implications of microplastics in water,Alternate planned search string.,exclude,high,Missing main topic(s) without secondary replacement: drinking_water_sources.,yes,999,microplastics_health_risks,,drinking_water_sources
10_1007_978_3_030_78627_4,Microplastic in the Environment: Pattern and Process,2021,10.1007/978-3-030-78627-4,openalex,https://openalex.org/W3206053486,197,public health implications of microplastics in water,Alternate planned search string.,exclude,low,Anchor topic 'microplastics_health_risks' is not present in the title.,no,999,,,microplastics_health_risks; drinking_water_sources
10_30574_wjbphs_2024_17_2_0081,Assessing the environmental and health impacts of plastic production and recycling,2024,10.30574/wjbphs.2024.17.2.0081,openalex,https://openalex.org/W4391979277,198,public health implications of microplastics in water,Alternate planned search string.,exclude,high,Anchor topic 'microplastics_health_risks' is not present in the title.,no,999,,,microplastics_health_risks; drinking_water_sources
10_1038_s41370_024_00709_3,Plastic induced urinary tract disease and dysfunction: a scoping review,2024,10.1038/s41370-024-00709-3,openalex,https://openalex.org/W4402089803,199,public health implications of microplastics in water,Alternate planned search string.,exclude,low,Anchor topic 'microplastics_health_risks' is not present in the title.,no,999,,,microplastics_health_risks; drinking_water_sources
10_1016_j_jhazmat_2022_130313,Transformation of microplastics by oxidative water and wastewater treatment processes: A critical review,2022,10.1016/j.jhazmat.2022.130313,openalex,https://openalex.org/W4308151970,200,public health implications of microplastics in water,Alternate planned search string.,exclude,high,Anchor topic 'microplastics_health_risks' is not present in the title.,no,999,,,microplastics_health_risks; drinking_water_sources
10_1016_j_chemosphere_2020_126612,Removal of microplastics via drinking water treatment: Current knowledge and future directions,2020,10.1016/j.chemosphere.2020.126612,openalex,https://openalex.org/W3015001951,3,microplastics in drinking water,Direct examination of microplastics in drinking water.,include,high,The title contains the anchor topic and has a secondary term that replaces the missing non-anchor main topic.,yes,1,microplastics_health_risks,drinking_water_sources:removal techniques for microplastics,drinking_water_sources
10_1016_j_scitotenv_2019_02_431,Microplastics in drinking water treatment – Current knowledge and research needs,2019,10.1016/j.scitotenv.2019.02.431,openalex,https://openalex.org/W2920513970,4,microplastics in drinking water,Direct examination of microplastics in drinking water.,exclude,high,Missing main topic(s) without secondary replacement: drinking_water_sources.,yes,999,microplastics_health_risks,,drinking_water_sources
10_1016_j_coesh_2018_12_001,Microplastics in drinking water: A review and assessment,2018,10.1016/j.coesh.2018.12.001,openalex,https://openalex.org/W2904867265,5,microplastics in drinking water,Direct examination of microplastics in drinking water.,include,high,The title contains the anchor topic and both main topics.,yes,0,microplastics_health_risks; drinking_water_sources,,
10_1007_s11356_021_13769_x,"Presence of microplastics in drinking water from freshwater sources: the investigation in Changsha, China",2021,10.1007/s11356-021-13769-x,openalex,https://openalex.org/W3146684680,7,microplastics in drinking water,Direct examination of microplastics in drinking water.,include,high,The candidate title includes the anchor topic and both main topics.,yes,0,microplastics_health_risks; drinking_water_sources,,
10_1016_j_scitotenv_2018_08_102,Occurrence of microplastics in raw and treated drinking water,2018,10.1016/j.scitotenv.2018.08.102,openalex,https://openalex.org/W2887749988,8,microplastics in drinking water,Direct examination of microplastics in drinking water.,exclude,high,Missing main topic(s) without secondary replacement: drinking_water_sources.,yes,999,microplastics_health_risks,,drinking_water_sources
10_1007_s10661_021_09132_9,The occurrence and dietary intake related to the presence of microplastics in drinking water in Saudi Arabia,2021,10.1007/s10661-021-09132-9,openalex,https://openalex.org/W3167978712,9,microplastics in drinking water,Direct examination of microplastics in drinking water.,include,high,The title includes the anchor topic and all main topics.,yes,0,microplastics_health_risks; drinking_water_sources,,
10_1016_j_scitotenv_2018_08_178,Low numbers of microplastics detected in drinking water from ground water sources,2018,10.1016/j.scitotenv.2018.08.178,openalex,https://openalex.org/W2885232761,10,microplastics in drinking water,Direct examination of microplastics in drinking water.,include,high,The title contains the anchor topic and both main topics.,yes,0,microplastics_health_risks; drinking_water_sources,,
10_1016_j_cofs_2021_02_011,Microplastics in drinking water? Present state of knowledge and open questions,2021,10.1016/j.cofs.2021.02.011,openalex,https://openalex.org/W3131229974,13,microplastics in drinking water,Direct examination of microplastics in drinking water.,include,high,The title includes the anchor topic and all main topics.,yes,0,microplastics_health_risks; drinking_water_sources,,
10_1016_j_chemosphere_2022_134282,Monitoring microplastics in drinking water: An interlaboratory study to inform effective methods for quantifying and characterizing microplastics,2022,10.1016/j.chemosphere.2022.134282,openalex,https://openalex.org/W4220883008,15,microplastics in drinking water,Direct examination of microplastics in drinking water.,include,high,The title contains the anchor topic and all main topics.,yes,0,microplastics_health_risks; drinking_water_sources,,
10_1016_j_chemosphere_2021_132587,Conventional and biological treatment for the removal of microplastics from drinking water,2021,10.1016/j.chemosphere.2021.132587,openalex,https://openalex.org/W3207306026,16,microplastics in drinking water,Direct examination of microplastics in drinking water.,include,high,The title contains the anchor topic and both main topics.,yes,0,microplastics_health_risks; drinking_water_sources,,
10_1016_j_scitotenv_2022_156749,Microplastics contamination in bivalves from the Daya Bay: Species variability and spatio-temporal distribution and human health risks,2022,10.1016/j.scitotenv.2022.156749,openalex,https://openalex.org/W4282962101,21,health risks from microplastics,Exploring the health implications of microplastics.,include,medium,"The title includes the anchor topic but lacks a direct mention of the drinking water sources main topic, and there is no secondary replacement provided for it.",yes,1,microplastics_health_risks,drinking_water_sources:microplastics source tracing,drinking_water_sources
10_1016_j_envpol_2014_06_010,Microplastics in bivalves cultured for human consumption,2014,10.1016/j.envpol.2014.06.010,openalex,https://openalex.org/W1973754912,22,health risks from microplastics,Exploring the health implications of microplastics.,exclude,low,Anchor topic 'microplastics_health_risks' is not present in the title.,no,999,,,microplastics_health_risks; drinking_water_sources
10_1016_j_watres_2017_12_056,"Microplastics in freshwater systems: A review on occurrence, environmental effects, and methods for microplastics detection",2017,10.1016/j.watres.2017.12.056,openalex,https://openalex.org/W2779212101,23,health risks from microplastics,Exploring the health implications of microplastics.,exclude,low,Anchor topic 'microplastics_health_risks' is not present in the title.,no,999,,,microplastics_health_risks; drinking_water_sources
10_1016_j_envpol_2022_119163,Microplastic contamination in seafood from Dongshan Bay in southeastern China and its health risk implication for human consumption,2022,10.1016/j.envpol.2022.119163,openalex,https://openalex.org/W4220811615,24,health risks from microplastics,Exploring the health implications of microplastics.,exclude,high,Missing main topic(s) without secondary replacement: drinking_water_sources.,yes,999,microplastics_health_risks,,drinking_water_sources
10_1016_j_jhazmat_2020_124004,Estimation of the mass of microplastics ingested – A pivotal first step towards human health risk assessment,2020,10.1016/j.jhazmat.2020.124004,openalex,https://openalex.org/W3091811008,25,health risks from microplastics,Exploring the health implications of microplastics.,include,high,The title includes the anchor topic and matches a secondary term for the missing non-anchor main topic.,yes,1,microplastics_health_risks,drinking_water_sources:microplastics source tracing,drinking_water_sources
10_1007_s11356_023_29726_9,"Microplastics and phthalate esters release from teabags into tea drink: occurrence, human exposure, and health risks",2023,10.1007/s11356-023-29726-9,openalex,https://openalex.org/W4386623755,26,health risks from microplastics,Exploring the health implications of microplastics.,exclude,medium,Missing main topic(s) without secondary replacement: drinking_water_sources.,yes,999,microplastics_health_risks,,drinking_water_sources
10_1016_j_envint_2018_03_007,Trophic transfer of microplastics and mixed contaminants in the marine food web and implications for human health,2018,10.1016/j.envint.2018.03.007,openalex,https://openalex.org/W2797793834,28,health risks from microplastics,Exploring the health implications of microplastics.,include,high,"The title includes the anchor topic and corresponds to the health risks of microplastics, with a secondary topic on drinking water sources.",yes,1,microplastics_health_risks,drinking_water_sources:environmental pollution drinking water|microplastics source tracing,drinking_water_sources
10_1038_s41578_021_00411_y,Risk assessment of microplastic particles,2022,10.1038/s41578-021-00411-y,openalex,https://openalex.org/W4205750562,31,health risks from microplastics,Exploring the health implications of microplastics.,exclude,low,Anchor topic 'microplastics_health_risks' is not present in the title.,no,999,,,microplastics_health_risks; drinking_water_sources
10_1016_j_chemosphere_2020_126493,Occurrence and identification of microplastics in tap water from China,2020,10.1016/j.chemosphere.2020.126493,openalex,https://openalex.org/W3011806041,33,tap water microplastics,Focusing on microplastics present specifically in tap water.,include,high,The candidate title contains the anchor topic and both main topics.,yes,0,microplastics_health_risks; drinking_water_sources,,
10_1016_j_scitotenv_2022_161274,"Occurrence of microplastics in tap and bottled water, and food packaging: A narrative review on current knowledge",2022,10.1016/j.scitotenv.2022.161274,openalex,https://openalex.org/W4313423850,36,tap water microplastics,Focusing on microplastics present specifically in tap water.,include,high,The title contains the anchor topic and all main topics related to microplastics and drinking water.,yes,0,microplastics_health_risks; drinking_water_sources,,
10_1007_s10661_021_09012_2,"Abundance and characteristics of microplastics in freshwater and treated tap water in Bangkok, Thailand",2021,10.1007/s10661-021-09012-2,openalex,https://openalex.org/W3142860767,42,tap water microplastics,Focusing on microplastics present specifically in tap water.,include,high,The title includes the anchor topic and both main topics are covered.,yes,0,microplastics_health_risks; drinking_water_sources,,
10_1007_s11356_021_13220_1,"Microplastics from headwaters to tap water: occurrence and removal in a drinking water treatment plant in Barcelona Metropolitan area (Catalonia, NE Spain)",2021,10.1007/s11356-021-13220-1,openalex,https://openalex.org/W3134147141,44,tap water microplastics,Focusing on microplastics present specifically in tap water.,include,high,The title contains the anchor topic and both main topics.,yes,0,microplastics_health_risks; drinking_water_sources,,
10_1016_j_scitotenv_2023_163866,"Abundance and characteristics of microplastics in drinking water treatment plants, distribution systems, water from refill kiosks, tap waters and bottled waters",2023,10.1016/j.scitotenv.2023.163866,openalex,https://openalex.org/W4367672770,45,tap water microplastics,Focusing on microplastics present specifically in tap water.,include,high,The title contains the anchor topic and both main topics regarding microplastics and drinking water.,yes,0,microplastics_health_risks; drinking_water_sources,,
10_1016_j_jhazmat_2023_132206,"Tracing microplastics in rural drinking water in Chongqing, China: Their presence and pathways from source to tap",2023,10.1016/j.jhazmat.2023.132206,openalex,https://openalex.org/W4385483473,46,tap water microplastics,Focusing on microplastics present specifically in tap water.,include,high,The title includes the anchor topic and a secondary replacement for the missing non-anchor main topic.,yes,1,microplastics_health_risks,drinking_water_sources:tap water contamination|microplastics in water supply,drinking_water_sources
10_1016_j_marpolbul_2009_04_025,Contributing to marine pollution by washing your face: Microplastics in facial cleansers,2009,10.1016/j.marpolbul.2009.04.025,openalex,https://openalex.org/W2122568885,52,public health microplastics,Investigating the public health dimensions of microplastics.,exclude,low,Anchor topic 'microplastics_health_risks' is not present in the title.,no,999,,,microplastics_health_risks; drinking_water_sources
10_21203_rs_3_rs_506361_v1,Public Health Knowledge and Perception of Microplastics Pollution: Lessons from the Lagos Lagoon,2021,10.21203/rs.3.rs-506361/v1,openalex,https://openalex.org/W3162317577,61,public health microplastics,Investigating the public health dimensions of microplastics.,exclude,low,Anchor topic 'microplastics_health_risks' is not present in the title.,no,999,,,microplastics_health_risks; drinking_water_sources
10_1016_j_chemosphere_2019_125492,Polyethylene microplastics affect the distribution of gut microbiota and inflammation development in mice,2019,10.1016/j.chemosphere.2019.125492,openalex,https://openalex.org/W2991229469,62,public health microplastics,Investigating the public health dimensions of microplastics.,exclude,low,Anchor topic 'microplastics_health_risks' is not present in the title.,no,999,,,microplastics_health_risks; drinking_water_sources
10_1016_j_envpol_2021_117064,Quantification and exposure assessment of microplastics in Australian indoor house dust,2021,10.1016/j.envpol.2021.117064,openalex,https://openalex.org/W3139968355,66,microplastics exposure assessment,Assessment of exposure levels to microplastics.,exclude,high,Anchor topic 'microplastics_health_risks' is not present in the title.,no,999,,,microplastics_health_risks; drinking_water_sources
10_1016_j_chemosphere_2019_04_153,Assessment the effect of exposure to microplastics in Nile Tilapia (Oreochromis niloticus) early juvenile: I. blood biomarkers,2019,10.1016/j.chemosphere.2019.04.153,openalex,https://openalex.org/W2941515856,69,microplastics exposure assessment,Assessment of exposure levels to microplastics.,exclude,low,Anchor topic 'microplastics_health_risks' is not present in the title.,no,999,,,microplastics_health_risks; drinking_water_sources
10_1016_j_envpol_2023_121153,Analysis of microplastics in various foods and assessment of aggregate human exposure via food consumption in korea,2023,10.1016/j.envpol.2023.121153,openalex,https://openalex.org/W4318022922,72,microplastics exposure assessment,Assessment of exposure levels to microplastics.,exclude,high,Anchor topic 'microplastics_health_risks' is not present in the title.,no,999,,,microplastics_health_risks; drinking_water_sources
10_1016_j_jwpe_2020_101708,Occurrence of microplastic particles in the most popular Iranian bottled mineral water brands and an assessment of human exposure,2020,10.1016/j.jwpe.2020.101708,openalex,https://openalex.org/W3091809414,73,microplastics exposure assessment,Assessment of exposure levels to microplastics.,include,high,The title includes the anchor topic and both main topics are addressed.,yes,0,microplastics_health_risks; drinking_water_sources,,
10_1016_j_jfca_2023_105611,Microplastics in branded milk: Dietary exposure and risk assessment,2023,10.1016/j.jfca.2023.105611,openalex,https://openalex.org/W4385755716,74,microplastics exposure assessment,Assessment of exposure levels to microplastics.,exclude,high,Anchor topic 'microplastics_health_risks' is not present in the title.,no,999,,,microplastics_health_risks; drinking_water_sources
10_1016_j_scitotenv_2022_154651,"Occurrence and exposure assessment of microplastics in indoor dusts of buildings with different applications in Bushehr and Shiraz cities, Iran",2022,10.1016/j.scitotenv.2022.154651,openalex,https://openalex.org/W4220783903,76,microplastics exposure assessment,Assessment of exposure levels to microplastics.,exclude,low,Anchor topic 'microplastics_health_risks' is not present in the title.,no,999,,,microplastics_health_risks; drinking_water_sources
10_1016_j_jfca_2024_106646,"Microplastics in honey from Türkiye: Occurrence, characteristic, human exposure, and risk assessment",2024,10.1016/j.jfca.2024.106646,openalex,https://openalex.org/W4401494356,80,microplastics exposure assessment,Assessment of exposure levels to microplastics.,exclude,low,Anchor topic 'microplastics_health_risks' is not present in the title.,no,999,,,microplastics_health_risks; drinking_water_sources
10_1016_j_watres_2018_05_027,Small-sized microplastics and pigmented particles in bottled mineral water,2018,10.1016/j.watres.2018.05.027,openalex,https://openalex.org/W2803337465,81,bottled water microplastics,Exploring microplastics in bottled water sources.,include,medium,The title does not mention any health risks related to microplastics.,yes,1,microplastics_health_risks,drinking_water_sources:bottled water microplastics,drinking_water_sources
10_1016_j_watres_2019_115082,Does mechanical stress cause microplastic release from plastic water bottles?,2019,10.1016/j.watres.2019.115082,openalex,https://openalex.org/W2973155464,82,bottled water microplastics,Exploring microplastics in bottled water sources.,include,high,The title includes the anchor topic and a relevant secondary topic that covers a main topic.,yes,1,microplastics_health_risks,drinking_water_sources:bottled water microplastics,drinking_water_sources
10_1016_j_watres_2019_03_091,Exposure to microplastics (&lt;10 μm) associated to plastic bottles mineral water consumption: The first quantitative study,2019,10.1016/j.watres.2019.03.091,openalex,https://openalex.org/W2928772646,83,bottled water microplastics,Exploring microplastics in bottled water sources.,include,high,The title contains the anchor topic and a secondary replacement for the missing non-anchor main topic.,yes,1,microplastics_health_risks,drinking_water_sources:bottled water microplastics,drinking_water_sources
10_1016_j_jwpe_2020_101884,Microplastic pollution of bottled water in China,2020,10.1016/j.jwpe.2020.101884,openalex,https://openalex.org/W3116892378,84,bottled water microplastics,Exploring microplastics in bottled water sources.,include,medium,"The title focuses on bottled water microplastics but does not address health risks, missing the anchor topic.",yes,1,microplastics_health_risks,drinking_water_sources:bottled water microplastics,drinking_water_sources
10_1016_j_scitotenv_2023_161553,Occurrence of microplastics in commercially sold bottled water,2023,10.1016/j.scitotenv.2023.161553,openalex,https://openalex.org/W4315629279,86,bottled water microplastics,Exploring microplastics in bottled water sources.,include,high,The title contains the anchor topic and a secondary replacement for the non-anchor main topic.,yes,1,microplastics_health_risks,drinking_water_sources:bottled water microplastics,drinking_water_sources
10_1016_j_envpol_2022_120494,Microplastics in Malaysian bottled water brands: Occurrence and potential human exposure,2022,10.1016/j.envpol.2022.120494,openalex,https://openalex.org/W4307050293,90,bottled water microplastics,Exploring microplastics in bottled water sources.,include,medium,The title contains the anchor topic and matches a secondary topic for the missing main topic.,yes,1,microplastics_health_risks,drinking_water_sources:bottled water microplastics,drinking_water_sources
10_1016_j_scitotenv_2022_155329,Assessing exposure of the Australian population to microplastics through bottled water consumption,2022,10.1016/j.scitotenv.2022.155329,openalex,https://openalex.org/W4225289841,93,bottled water microplastics,Exploring microplastics in bottled water sources.,include,high,The title includes the anchor topic and has a matched secondary replacement for the main topic.,yes,1,microplastics_health_risks,drinking_water_sources:bottled water microplastics,drinking_water_sources
10_1016_j_jhazmat_2020_124357,"Environmental source, fate, and toxicity of microplastics",2020,10.1016/j.jhazmat.2020.124357,openalex,https://openalex.org/W3093710724,97,toxicity of microplastics,Understanding the toxicological effects of microplastics on health.,exclude,low,Anchor topic 'microplastics_health_risks' is not present in the title.,no,999,,,microplastics_health_risks; drinking_water_sources
10_1016_j_ecoenv_2019_109913,Bioavailability and toxicity of microplastics to fish species: A review,2019,10.1016/j.ecoenv.2019.109913,openalex,https://openalex.org/W2985866087,99,toxicity of microplastics,Understanding the toxicological effects of microplastics on health.,exclude,high,Anchor topic 'microplastics_health_risks' is not present in the title.,no,999,,,microplastics_health_risks; drinking_water_sources
10_1016_j_scitotenv_2023_168946,The potential toxicity of microplastics on human health,2023,10.1016/j.scitotenv.2023.168946,openalex,https://openalex.org/W4389265926,100,toxicity of microplastics,Understanding the toxicological effects of microplastics on health.,include,medium,The title addresses health risks of microplastics and has a secondary replacement for the drinking water sources topic.,yes,1,microplastics_health_risks,drinking_water_sources:microplastics source tracing,drinking_water_sources
10_1016_j_envpol_2018_12_044,Joint toxicity of microplastics with triclosan to marine microalgae Skeletonema costatum,2018,10.1016/j.envpol.2018.12.044,openalex,https://openalex.org/W2904527136,101,toxicity of microplastics,Understanding the toxicological effects of microplastics on health.,exclude,low,Anchor topic 'microplastics_health_risks' is not present in the title.,no,999,,,microplastics_health_risks; drinking_water_sources
10_1016_j_jhazmat_2022_129361,"Absorption, distribution, metabolism, excretion and toxicity of microplastics in the human body and health implications",2022,10.1016/j.jhazmat.2022.129361,openalex,https://openalex.org/W4282959404,102,toxicity of microplastics,Understanding the toxicological effects of microplastics on health.,include,high,The title includes the anchor topic and both main topics are addressed through the content related to health implications and toxicity of microplastics.,yes,1,microplastics_health_risks,drinking_water_sources:microplastics source tracing,drinking_water_sources
10_1016_j_envpol_2016_11_005,Toxic effects of microplastic on marine microalgae Skeletonema costatum: Interactions between microplastic and algae,2016,10.1016/j.envpol.2016.11.005,openalex,https://openalex.org/W2550982111,104,toxicity of microplastics,Understanding the toxicological effects of microplastics on health.,exclude,low,Anchor topic 'microplastics_health_risks' is not present in the title.,no,999,,,microplastics_health_risks; drinking_water_sources
10_1016_j_scitotenv_2020_140638,Combined toxicity of microplastics and cadmium on the zebrafish embryos (Danio rerio),2020,10.1016/j.scitotenv.2020.140638,openalex,https://openalex.org/W3039536655,105,toxicity of microplastics,Understanding the toxicological effects of microplastics on health.,exclude,low,Anchor topic 'microplastics_health_risks' is not present in the title.,no,999,,,microplastics_health_risks; drinking_water_sources
10_1016_j_watres_2018_04_003,Interaction of toxic chemicals with microplastics: A critical review,2018,10.1016/j.watres.2018.04.003,openalex,https://openalex.org/W2796066578,106,toxicity of microplastics,Understanding the toxicological effects of microplastics on health.,include,low,"The title does not address the health risks of microplastics, which is the anchor topic.",yes,1,microplastics_health_risks,drinking_water_sources:environmental pollution drinking water|microplastics source tracing,drinking_water_sources
10_1016_j_gr_2021_07_021,Bioavailability and toxicity of microplastics to zooplankton,2021,10.1016/j.gr.2021.07.021,openalex,https://openalex.org/W3186975342,109,toxicity of microplastics,Understanding the toxicological effects of microplastics on health.,exclude,high,Anchor topic 'microplastics_health_risks' is not present in the title.,no,999,,,microplastics_health_risks; drinking_water_sources
10_1016_j_envpol_2020_114089,Microplastics in aquatic environments: Toxicity to trigger ecological consequences,2020,10.1016/j.envpol.2020.114089,openalex,https://openalex.org/W3003569118,110,toxicity of microplastics,Understanding the toxicological effects of microplastics on health.,exclude,low,Anchor topic 'microplastics_health_risks' is not present in the title.,no,999,,,microplastics_health_risks; drinking_water_sources
10_1016_j_chemosphere_2020_128677,Toxicities of microplastic fibers and granules on the development of zebrafish embryos and their combined effects with cadmium,2020,10.1016/j.chemosphere.2020.128677,openalex,https://openalex.org/W3094382311,111,toxicity of microplastics,Understanding the toxicological effects of microplastics on health.,exclude,low,Missing main topic(s) without secondary replacement: drinking_water_sources.,yes,999,microplastics_health_risks,,drinking_water_sources
10_1016_j_envpol_2023_121482,Reproductive toxicity of microplastics in female mice and their offspring from induction of oxidative stress,2023,10.1016/j.envpol.2023.121482,openalex,https://openalex.org/W4360838478,112,toxicity of microplastics,Understanding the toxicological effects of microplastics on health.,exclude,high,Missing main topic(s) without secondary replacement: drinking_water_sources.,yes,999,microplastics_health_risks,,drinking_water_sources
10_1016_j_marpolbul_2018_06_020,"Microplastic risk assessment in surface waters: A case study in the Changjiang Estuary, China",2018,10.1016/j.marpolbul.2018.06.020,openalex,https://openalex.org/W2809455004,113,microplastics risk assessment,Evaluating risks associated with microplastic exposure.,exclude,low,Anchor topic 'microplastics_health_risks' is not present in the title.,no,999,,,microplastics_health_risks; drinking_water_sources
10_1016_j_scitotenv_2019_04_110,Source and potential risk assessment of suspended atmospheric microplastics in Shanghai,2019,10.1016/j.scitotenv.2019.04.110,openalex,https://openalex.org/W2937567928,116,microplastics risk assessment,Evaluating risks associated with microplastic exposure.,exclude,low,Anchor topic 'microplastics_health_risks' is not present in the title.,no,999,,,microplastics_health_risks; drinking_water_sources
10_1016_j_envpol_2017_11_034,"Microplastics in freshwater river sediments in Shanghai, China: A case study of risk assessment in mega-cities",2017,10.1016/j.envpol.2017.11.034,openalex,https://openalex.org/W2778042162,118,microplastics risk assessment,Evaluating risks associated with microplastic exposure.,exclude,high,Anchor topic 'microplastics_health_risks' is not present in the title.,no,999,,,microplastics_health_risks; drinking_water_sources
10_1007_s10311_023_01665_4,Microplastic risk assessment and toxicity in plants: a review,2023,10.1007/s10311-023-01665-4,openalex,https://openalex.org/W4387895510,119,microplastics risk assessment,Evaluating risks associated with microplastic exposure.,exclude,high,Anchor topic 'microplastics_health_risks' is not present in the title.,no,999,,,microplastics_health_risks; drinking_water_sources
10_1016_j_jhazmat_2020_122994,Assessment of cancer risk of microplastics enriched with polycyclic aromatic hydrocarbons,2020,10.1016/j.jhazmat.2020.122994,openalex,https://openalex.org/W3028531927,121,microplastics risk assessment,Evaluating risks associated with microplastic exposure.,exclude,medium,Missing main topic(s) without secondary replacement: drinking_water_sources.,yes,999,microplastics_health_risks,,drinking_water_sources
10_1016_j_chemosphere_2020_127876,Microplastic pollution and ecological risk assessment in an estuarine environment: The Dongshan Bay of China,2020,10.1016/j.chemosphere.2020.127876,openalex,https://openalex.org/W3047217043,123,microplastics risk assessment,Evaluating risks associated with microplastic exposure.,exclude,low,Anchor topic 'microplastics_health_risks' is not present in the title.,no,999,,,microplastics_health_risks; drinking_water_sources
10_1016_j_scitotenv_2020_143987,A probabilistic risk assessment of microplastics in soil ecosystems,2020,10.1016/j.scitotenv.2020.143987,openalex,https://openalex.org/W3107727425,127,microplastics risk assessment,Evaluating risks associated with microplastic exposure.,exclude,high,Anchor topic 'microplastics_health_risks' is not present in the title.,no,999,,,microplastics_health_risks; drinking_water_sources
10_1016_j_envpol_2020_116217,"Ecological risk assessment of microplastics in coastal, shelf, and deep sea waters with a consideration of environmentally relevant size and shape",2020,10.1016/j.envpol.2020.116217,openalex,https://openalex.org/W3106745759,128,microplastics risk assessment,Evaluating risks associated with microplastic exposure.,exclude,low,Anchor topic 'microplastics_health_risks' is not present in the title.,no,999,,,microplastics_health_risks; drinking_water_sources
10_32864_polymmattech_2021_7_3_5_5,WHO on microplastics in drinking water. Health risk is low,2021,10.32864/polymmattech-2021-7-3-5-5,openalex,https://openalex.org/W4206673543,132,microplastics in drinking water health risks,Provider-specific primary query.,include,medium,The title contains the anchor topic and provides a secondary replacement for the missing main topic.,yes,1,microplastics_health_risks,drinking_water_sources:microplastics in drinking water,drinking_water_sources
10_1016_j_jclepro_2023_136191,"Perfluoroalkyl and polyfluoroalkyl substances (PFAS) adsorbed on microplastics in drinking water: Implications for female exposure, reproductive health risk and its mitigation strategies through in silico methods",2023,10.1016/j.jclepro.2023.136191,openalex,https://openalex.org/W4318336296,133,microplastics in drinking water health risks,Provider-specific primary query.,include,high,The title contains the anchor topic and both main topics.,yes,0,microplastics_health_risks; drinking_water_sources,,
10_1016_j_scitotenv_2019_05_071,An assessment of the toxicity of polypropylene microplastics in human derived cells,2019,10.1016/j.scitotenv.2019.05.071,openalex,https://openalex.org/W2946017099,137,microplastics in drinking water health risks,Provider-specific primary query.,exclude,low,Missing main topic(s) without secondary replacement: drinking_water_sources.,yes,999,microplastics_health_risks,,drinking_water_sources
10_1016_j_scitotenv_2022_159060,Identification of microplastics in human placenta using laser direct infrared spectroscopy,2022,10.1016/j.scitotenv.2022.159060,openalex,https://openalex.org/W4297216032,140,microplastics in drinking water health risks,Provider-specific primary query.,exclude,low,Anchor topic 'microplastics_health_risks' is not present in the title.,no,999,,,microplastics_health_risks; drinking_water_sources
10_1016_j_envres_2022_112855,"Groundwater antibiotics and microplastics in a drinking-water source area, northern China: Occurrence, spatial distribution, risk assessment, and correlation",2022,10.1016/j.envres.2022.112855,openalex,https://openalex.org/W4211007769,142,microplastics in drinking water health risks,Provider-specific primary query.,include,high,"The title contains the anchor topic and both main topics, indicating a strong fit with the structured topic.",yes,0,microplastics_health_risks; drinking_water_sources,,
10_1016_j_envpol_2024_123857,"Microplastics in drinking water: A review on methods, occurrence, sources, and potential risks assessment",2024,10.1016/j.envpol.2024.123857,openalex,https://openalex.org/W4393167233,147,microplastics risk assessment drinking water,Alternate planned search string.,include,high,Title includes the anchor topic and covers all main topics.,yes,0,microplastics_health_risks; drinking_water_sources,,
10_1007_s10661_025_13859_0,Spatial mapping and risk assessment of microplastic contamination in drinking water catchments from north of the Persian Gulf,2025,10.1007/s10661-025-13859-0,openalex,https://openalex.org/W4408733495,152,microplastics risk assessment drinking water,Alternate planned search string.,include,high,The title contains the anchor topic and both main topics.,yes,0,microplastics_health_risks; drinking_water_sources,,
10_1007_s10661_024_12814_9,"Risk assessment of cigarette butts and microplastic pollution in a drinking and irrigation water basin of West Anatolia, Türkiye",2024,10.1007/s10661-024-12814-9,openalex,https://openalex.org/W4400187438,153,microplastics risk assessment drinking water,Alternate planned search string.,include,high,The title includes both the anchor topic and all main topics.,yes,0,microplastics_health_risks; drinking_water_sources,,
10_1016_j_envpol_2022_120747,"Microplastics and plastics-associated contaminants in food and beverages; Global trends, concentrations, and human exposure",2022,10.1016/j.envpol.2022.120747,openalex,https://openalex.org/W4309942205,154,microplastics risk assessment drinking water,Alternate planned search string.,exclude,high,Anchor topic 'microplastics_health_risks' is not present in the title.,no,999,,,microplastics_health_risks; drinking_water_sources
10_1007_s10661_025_14391_x,Microplastic and microcystin in tropical drinking water reservoir: pollution characteristics and human health risk assessment,2025,10.1007/s10661-025-14391-x,openalex,https://openalex.org/W4412837581,157,microplastics risk assessment drinking water,Alternate planned search string.,include,high,The title includes the anchor topic and both main topics.,yes,0,microplastics_health_risks; drinking_water_sources,,
10_1016_j_cogsc_2021_100467,Risk posed by microplastics: Scientific evidence and public perception,2021,10.1016/j.cogsc.2021.100467,openalex,https://openalex.org/W3131161022,158,microplastics risk assessment drinking water,Alternate planned search string.,include,medium,The title includes the anchor topic but lacks a direct match for the required main topic; no secondary replacements are provided for the missing main topic.,yes,1,microplastics_health_risks,drinking_water_sources:environmental pollution drinking water|microplastics source tracing,drinking_water_sources
10_1007_s12403_018_00296_3,"Microplastics’ Pollution and Risk Assessment in an Urban River: A Case Study in the Yongjiang River, Nanning City, South China",2019,10.1007/s12403-018-00296-3,openalex,https://openalex.org/W2906784442,159,microplastics risk assessment drinking water,Alternate planned search string.,exclude,medium,Missing main topic(s) without secondary replacement: drinking_water_sources.,yes,999,microplastics_health_risks,,drinking_water_sources
10_1016_j_scitotenv_2019_134455,Environmental exposure to microplastics: An overview on possible human health effects,2019,10.1016/j.scitotenv.2019.134455,openalex,https://openalex.org/W2977747666,162,toxicity microplastics ingestion human health,Alternate planned search string.,include,medium,The title does not include the necessary main topic on water sources.,yes,1,microplastics_health_risks,drinking_water_sources:environmental pollution drinking water|microplastics source tracing,drinking_water_sources
10_1016_j_jhazmat_2020_124187,"Microplastics and associated contaminants in the aquatic environment: A review on their ecotoxicological effects, trophic transfer, and potential impacts to human health",2020,10.1016/j.jhazmat.2020.124187,openalex,https://openalex.org/W3092931547,165,toxicity microplastics ingestion human health,Alternate planned search string.,include,medium,"The anchor topic 'microplastics_health_risks' is present, and there's a secondary term for the missing non-anchor topic.",yes,1,microplastics_health_risks,drinking_water_sources:microplastics source tracing,drinking_water_sources
10_1007_s42452_019_1352_0,"Microplastic–toxic chemical interaction: a review study on quantified levels, mechanism and implication",2019,10.1007/s42452-019-1352-0,openalex,https://openalex.org/W2969976804,167,toxicity microplastics ingestion human health,Alternate planned search string.,exclude,low,Anchor topic 'microplastics_health_risks' is not present in the title.,no,999,,,microplastics_health_risks; drinking_water_sources
10_1016_j_scitotenv_2020_143872,Potential human health risks due to environmental exposure to nano- and microplastics and knowledge gaps: A scoping review,2020,10.1016/j.scitotenv.2020.143872,openalex,https://openalex.org/W3108814662,168,toxicity microplastics ingestion human health,Alternate planned search string.,exclude,high,Missing main topic(s) without secondary replacement: drinking_water_sources.,yes,999,microplastics_health_risks,,drinking_water_sources
10_1007_s13280_021_01589_9,The potential effects of microplastics on human health: What is known and what is unknown,2021,10.1007/s13280-021-01589-9,openalex,https://openalex.org/W3174766837,172,toxicity microplastics ingestion human health,Alternate planned search string.,include,high,The title addresses the anchor topic and includes a secondary replacement for the missing non-anchor main topic.,yes,1,microplastics_health_risks,drinking_water_sources:microplastics source tracing,drinking_water_sources
10_1016_j_envpol_2018_10_039,"Distribution and potential health impacts of microplastics and microrubbers in air and street dusts from Asaluyeh County, Iran",2018,10.1016/j.envpol.2018.10.039,openalex,https://openalex.org/W2897114497,173,toxicity microplastics ingestion human health,Alternate planned search string.,exclude,high,Anchor topic 'microplastics_health_risks' is not present in the title.,no,999,,,microplastics_health_risks; drinking_water_sources
10_1038_s41578_021_00407_8,Bioplastics for a circular economy,2022,10.1038/s41578-021-00407-8,openalex,https://openalex.org/W4205722716,183,exposure assessment microplastics bottled tap water,Alternate planned search string.,exclude,high,Anchor topic 'microplastics_health_risks' is not present in the title.,no,999,,,microplastics_health_risks; drinking_water_sources
10_1007_s40899_015_0014_7,Water quality assessment of lake water: a review,2016,10.1007/s40899-015-0014-7,openalex,https://openalex.org/W2308977555,189,exposure assessment microplastics bottled tap water,Alternate planned search string.,exclude,high,Anchor topic 'microplastics_health_risks' is not present in the title.,no,999,,,microplastics_health_risks; drinking_water_sources
10_1016_j_envres_2024_119181,Microplastics in marine ecosystems: A comprehensive review of biological and ecological implications and its mitigation approach using nanotechnology for the sustainable environment,2024,10.1016/j.envres.2024.119181,openalex,https://openalex.org/W4397049664,196,public health implications of microplastics in water,Alternate planned search string.,exclude,high,Anchor topic 'microplastics_health_risks' is not present in the title.,no,999,,,microplastics_health_risks; drinking_water_sources
